Month,Ozone_ppb
2010-01-01,16.83765306122449
2010-01-02,17.494717241379306
2010-01-03,16.51526056338028
2010-01-04,13.100992805755398
2010-01-05,12.5128345323741
2010-01-06,9.89640287769784
2010-01-07,9.389248275862073
2010-01-08,11.110583333333333
2010-01-09,10.603682758620694
2010-01-10,12.148339869281047
2010-01-11,12.764393333333338
2010-01-12,17.847278911564626
2010-01-13,23.200585526315788
2010-01-14,19.036304635761603
2010-01-15,13.482000000000005
2010-01-16,17.069921568627446
2010-01-17,24.664020134228192
2010-01-18,28.533857142857137
2010-01-19,27.82725000000001
2010-01-20,30.911121621621607
2010-01-21,31.40959322033898
2010-01-22,25.061357142857148
2010-01-23,21.561000000000003
2010-01-24,18.89297402597403
2010-01-25,17.843246666666666
2010-01-26,14.746239669421485
2010-01-27,16.782222929936303
2010-01-28,16.366096774193547
2010-01-29,16.085183006535953
2010-01-30,20.892402597402594
2010-01-31,19.47633333333334
2010-02-01,17.281222929936302
2010-02-02,18.03293103448276
2010-02-03,19.691217948717963
2010-02-04,24.96397435897436
2010-02-05,24.485232758620683
2010-02-06,27.099582781456967
2010-02-07,23.560883211678824
2010-02-08,19.798182389937104
2010-02-09,22.435948717948726
2010-02-10,18.525155844155844
2010-02-11,18.780820512820515
2010-02-12,19.56260389610389
2010-02-13,20.239356687898077
2010-02-14,21.324329032258067
2010-02-15,21.302683870967744
2010-02-16,19.282453333333333
2010-02-17,19.699340000000007
2010-02-18,26.11633548387097
2010-02-19,27.60529629629629
2010-02-20,28.113228758169946
2010-02-21,28.846144927536233
2010-02-22,25.17946376811593
2010-02-23,21.90545394736842
2010-02-24,21.832181034482762
2010-02-25,19.203915032679745
2010-02-26,24.495493670886077
2010-02-27,28.02545
2010-02-28,23.07283333333333
2010-03-01,22.615850000000005
2010-03-02,27.06713749999999
2010-03-03,31.390025477707013
2010-03-04,28.47572727272728
2010-03-05,26.656797468354426
2010-03-06,25.36475912408759
2010-03-07,29.289955128205122
2010-03-08,32.36034210526318
2010-03-09,30.53858503401361
2010-03-10,28.993892405063306
2010-03-11,26.02840625
2010-03-12,26.93660389610391
2010-03-13,29.98340764331209
2010-03-14,28.29801324503311
2010-03-15,27.47224528301887
2010-03-16,29.943582278481003
2010-03-17,29.87193710691824
2010-03-18,33.06855974842768
2010-03-19,30.221102564102587
2010-03-20,30.85426875
2010-03-21,30.66841666666665
2010-03-22,31.769012578616337
2010-03-23,30.057689873417715
2010-03-24,33.29566666666665
2010-03-25,34.28316233766231
2010-03-26,31.015912499999978
2010-03-27,33.54376100628932
2010-03-28,35.515273885350325
2010-03-29,32.260927152317876
2010-03-30,35.95189743589742
2010-03-31,37.05225308641976
2010-04-01,33.4753827160494
2010-04-02,31.45007975460124
2010-04-03,32.595256097560984
2010-04-04,35.34414556962025
2010-04-05,35.285239263803675
2010-04-06,32.348371951219484
2010-04-07,31.973950310559005
2010-04-08,33.050713414634146
2010-04-09,35.1244268292683
2010-04-10,41.4589254658385
2010-04-11,42.49646153846154
2010-04-12,36.556335714285716
2010-04-13,31.373436363636365
2010-04-14,30.889563636363626
2010-04-15,33.58191715976332
2010-04-16,34.265682926829285
2010-04-17,34.208218934911216
2010-04-18,38.03864670658685
2010-04-19,35.84449090909092
2010-04-20,35.07271515151514
2010-04-21,33.66148611111111
2010-04-22,25.2234125
2010-04-23,29.38147904191618
2010-04-24,33.557128048780484
2010-04-25,37.37894642857143
2010-04-26,38.185921686746994
2010-04-27,33.76323899371069
2010-04-28,36.553184523809506
2010-04-29,35.91927544910181
2010-04-30,31.363127167630072
2010-05-01,34.838759999999965
2010-05-02,37.06513772455088
2010-05-03,33.65378106508878
2010-05-04,35.090706896551715
2010-05-05,39.57794705882353
2010-05-06,37.29086826347304
2010-05-07,37.43797633136096
2010-05-08,38.63348823529411
2010-05-09,35.40212883435586
2010-05-10,34.599070175438605
2010-05-11,32.23673939393941
2010-05-12,31.56620348837209
2010-05-13,34.47948837209303
2010-05-14,37.2394561403509
2010-05-15,41.902211764705896
2010-05-16,43.62667469879518
2010-05-17,34.22715217391304
2010-05-18,29.2812625
2010-05-19,32.217369942196534
2010-05-20,35.73941040462429
2010-05-21,37.09358579881656
2010-05-22,36.93408333333335
2010-05-23,34.667557575757584
2010-05-24,33.406738372093024
2010-05-25,32.404497142857146
2010-05-26,35.15694186046509
2010-05-27,32.069693251533764
2010-05-28,33.146313953488395
2010-05-29,36.31877456647401
2010-05-30,39.570666666666654
2010-05-31,35.43135365853657
2010-06-01,32.56905917159762
2010-06-02,28.863432748538017
2010-06-03,30.30728977272726
2010-06-04,28.600666666666665
2010-06-05,31.458057142857147
2010-06-06,31.20022543352601
2010-06-07,33.026270114942534
2010-06-08,35.63928977272725
2010-06-09,33.909505882352924
2010-06-10,35.96707647058824
2010-06-11,33.32854285714284
2010-06-12,35.6802848837209
2010-06-13,37.59592655367232
2010-06-14,38.20744886363632
2010-06-15,36.74847976878612
2010-06-16,33.91032934131737
2010-06-17,38.386632768361615
2010-06-18,37.95485542168675
2010-06-19,35.14581976744184
2010-06-20,36.604391812865465
2010-06-21,35.88530681818183
2010-06-22,39.153386363636365
2010-06-23,40.761696629213475
2010-06-24,36.527464705882345
2010-06-25,34.02621264367816
2010-06-26,33.40885795454546
2010-06-27,38.22906818181822
2010-06-28,37.574426136363634
2010-06-29,34.48210982658961
2010-06-30,36.47370689655172
2010-07-01,36.33792737430168
2010-07-02,35.37001136363636
2010-07-03,35.384479999999996
2010-07-04,36.31001694915256
2010-07-05,38.48979888268155
2010-07-06,36.51122093023255
2010-07-07,37.09181818181817
2010-07-08,37.97874719101123
2010-07-09,38.59520903954802
2010-07-10,41.44141011235954
2010-07-11,39.92336046511628
2010-07-12,36.39378409090906
2010-07-13,32.60388700564971
2010-07-14,34.287316666666676
2010-07-15,35.70435028248588
2010-07-16,37.00859659090912
2010-07-17,34.41945664739885
2010-07-18,33.48083139534885
2010-07-19,34.632508571428595
2010-07-20,36.0373163841808
2010-07-21,36.64889473684208
2010-07-22,38.11068000000001
2010-07-23,39.94569886363639
2010-07-24,42.026615819209034
2010-07-25,38.87481609195402
2010-07-26,36.01175144508669
2010-07-27,35.38041379310345
2010-07-28,33.57468181818183
2010-07-29,35.327184357541924
2010-07-30,37.23117415730336
2010-07-31,37.25783522727272
2010-08-01,37.054977401129925
2010-08-02,34.520449438202235
2010-08-03,35.19901694915257
2010-08-04,35.59936363636361
2010-08-05,35.95898870056499
2010-08-06,37.908696629213466
2010-08-07,37.53148850574712
2010-08-08,32.98196000000001
2010-08-09,32.305322033898314
2010-08-10,33.617067796610165
2010-08-11,30.686404624277447
2010-08-12,32.58857627118645
2010-08-13,33.0267877094972
2010-08-14,33.76045762711866
2010-08-15,35.22028735632185
2010-08-16,34.49894857142858
2010-08-17,35.797322033898354
2010-08-18,35.179954802259886
2010-08-19,35.37220571428572
2010-08-20,34.50667039106149
2010-08-21,32.367397660818725
2010-08-22,32.4243063583815
2010-08-23,36.171316666666655
2010-08-24,41.131731843575395
2010-08-25,42.198293785310725
2010-08-26,38.33316867469882
2010-08-27,34.043380681818185
2010-08-28,33.17946783625729
2010-08-29,31.540461988304077
2010-08-30,29.42813407821228
2010-08-31,31.96641111111108
2010-09-01,37.009491525423705
2010-09-02,41.13653591160221
2010-09-03,40.55239325842695
2010-09-04,38.644396551724135
2010-09-05,34.37898245614036
2010-09-06,34.899186440677965
2010-09-07,32.609017241379306
2010-09-08,29.03742771084337
2010-09-09,27.677960451977405
2010-09-10,30.751561797752824
2010-09-11,38.003201149425294
2010-09-12,39.098461988304095
2010-09-13,33.67464497041421
2010-09-14,31.569157303370794
2010-09-15,29.80955172413791
2010-09-16,27.575644067796606
2010-09-17,26.49911363636363
2010-09-18,27.08915909090908
2010-09-19,24.915455089820362
2010-09-20,25.154414772727275
2010-09-21,32.09221910112357
2010-09-22,30.98300568181817
2010-09-23,30.739134831460674
2010-09-24,34.99990104166667
2010-09-25,41.5603891891892
2010-09-26,41.22077094972068
2010-09-27,40.04167567567568
2010-09-28,38.00918435754188
2010-09-29,37.02564835164837
2010-09-30,33.14207936507937
2010-10-01,29.40200584795321
2010-10-02,31.74862130177515
2010-10-03,31.536786982248486
2010-10-04,26.73604166666665
2010-10-05,25.496822485207105
2010-10-06,25.43928488372095
2010-10-07,25.339693641618485
2010-10-08,25.847385057471264
2010-10-09,30.55895266272187
2010-10-10,30.97432926829269
2010-10-11,29.92653216374267
2010-10-12,28.97548502994012
2010-10-13,28.53242774566473
2010-10-14,30.57944186046512
2010-10-15,32.29792485549132
2010-10-16,32.093792682926825
2010-10-17,29.590250000000008
2010-10-18,21.278283870967734
2010-10-19,22.017099415204676
2010-10-20,27.26359649122808
2010-10-21,26.690853658536593
2010-10-22,24.3891294117647
2010-10-23,24.302466666666675
2010-10-24,24.631049295774652
2010-10-25,23.264125
2010-10-26,23.353372781065094
2010-10-27,23.175142857142855
2010-10-28,24.595493975903626
2010-10-29,26.617030487804875
2010-10-30,26.349086419753085
2010-10-31,21.374822485207105
2010-11-01,19.5114012345679
2010-11-02,19.04074233128834
2010-11-03,18.409283018867928
2010-11-04,19.52242073170732
2010-11-05,23.24484146341463
2010-11-06,25.980631249999995
2010-11-07,26.315632258064518
2010-11-08,23.74244099378883
2010-11-09,20.279164634146344
2010-11-10,21.474559006211187
2010-11-11,20.55126708074535
2010-11-12,17.005496855345918
2010-11-13,21.973512499999995
2010-11-14,22.23842857142857
2010-11-15,20.854509202453986
2010-11-16,20.31609316770185
2010-11-17,19.3518625
2010-11-18,24.82344171779141
2010-11-19,24.86321014492754
2010-11-20,30.460853503184705
2010-11-21,27.160328244274808
2010-11-22,22.315045161290325
2010-11-23,25.887371621621607
2010-11-24,22.57099363057325
2010-11-25,20.81881699346405
2010-11-26,17.333421052631582
2010-11-27,23.83959090909091
2010-11-28,23.374710344827584
2010-11-29,18.627070967741933
2010-11-30,14.705196078431365
2010-12-01,13.697153333333334
2010-12-02,10.565539568345322
2010-12-03,10.689293333333335
2010-12-04,13.601309210526312
2010-12-05,19.431496774193548
2010-12-06,17.781618320610693
2010-12-07,13.493176470588233
2010-12-08,13.766651006711411
2010-12-09,12.389217391304346
2010-12-10,13.002702127659571
2010-12-11,13.113940000000005
2010-12-12,13.525891891891892
2010-12-13,10.350250000000004
2010-12-14,14.551790849673205
2010-12-15,15.690241379310349
2010-12-16,15.51809032258065
2010-12-17,17.020386666666674
2010-12-18,24.244786259541996
2010-12-19,27.5335
2010-12-20,25.34888793103449
2010-12-21,23.924504132231398
2010-12-22,22.529562043795625
2010-12-23,14.66561073825503
2010-12-24,14.799265822784813
2010-12-25,25.054051282051287
2010-12-26,23.53331159420291
2010-12-27,16.533812080536922
2010-12-28,18.41285897435897
2010-12-29,29.69989855072464
2010-12-30,22.198376712328766
2010-12-31,19.842316770186347
2011-01-01,25.048633986928113
2011-01-02,24.76896666666667
2011-01-03,17.475121794871797
2011-01-04,15.95817391304348
2011-01-05,14.966050955414016
2011-01-06,12.934407142857149
2011-01-07,12.285360294117648
2011-01-08,16.914216560509555
2011-01-09,18.791734177215183
2011-01-10,17.689914110429452
2011-01-11,14.586258741258746
2011-01-12,15.288599999999995
2011-01-13,14.486893749999998
2011-01-14,17.570140127388534
2011-01-15,17.063772727272728
2011-01-16,13.993972413793106
2011-01-17,13.651858064516132
2011-01-18,13.834809210526315
2011-01-19,18.05617721518988
2011-01-20,18.764076388888885
2011-01-21,14.762532894736848
2011-01-22,17.725794701986747
2011-01-23,21.92557246376812
2011-01-24,15.896311258278143
2011-01-25,16.079840764331212
2011-01-26,18.6759391891892
2011-01-27,15.315453947368436
2011-01-28,15.044381578947366
2011-01-29,22.762572327044026
2011-01-30,25.372661764705878
2011-01-31,18.284707006369427
2011-02-01,23.25795625
2011-02-02,24.33358865248228
2011-02-03,19.298032679738558
2011-02-04,16.218880794701988
2011-02-05,21.433058823529414
2011-02-06,23.835223776223764
2011-02-07,22.95438064516129
2011-02-08,28.146386206896555
2011-02-09,25.301
2011-02-10,22.12004000000001
2011-02-11,21.18149358974359
2011-02-12,24.269528662420374
2011-02-13,28.081375000000005
2011-02-14,29.475079710144925
2011-02-15,31.01021476510068
2011-02-16,30.690531914893608
2011-02-17,29.718477124182982
2011-02-18,30.173118421052642
2011-02-19,32.79294202898551
2011-02-20,26.01887741935484
2011-02-21,24.52764556962025
2011-02-22,24.08771875
2011-02-23,27.580621118012424
2011-02-24,30.98951633986928
2011-02-25,34.31452739726027
2011-02-26,30.6127843137255
2011-02-27,27.194757961783427
2011-02-28,25.41050000000001
2011-03-01,26.39279375000001
2011-03-02,25.607544117647056
2011-03-03,23.836896969696962
2011-03-04,22.47237804878048
2011-03-05,26.59496319018405
2011-03-06,28.460388535031854
2011-03-07,34.238444444444454
2011-03-08,26.380685897435907
2011-03-09,22.311055555555548
2011-03-10,25.03820625
2011-03-11,28.14829192546584
2011-03-12,29.622303030303048
2011-03-13,28.360975308642004
2011-03-14,22.973122580645164
2011-03-15,25.00565243902439
2011-03-16,29.23408860759494
2011-03-17,29.875376543209878
2011-03-18,36.8075125
2011-03-19,41.873215189873406
2011-03-20,42.264462264150964
2011-03-21,34.6404935897436
2011-03-22,34.05496913580246
2011-03-23,33.47954676258992
2011-03-24,36.59699999999999
2011-03-25,35.903561290322564
2011-03-26,35.71902515723273
2011-03-27,31.683079268292666
2011-03-28,26.61565454545456
2011-03-29,25.67253333333333
2011-03-30,22.9457375
2011-03-31,25.75290361445782
2011-04-01,31.241512048192767
2011-04-02,30.41190303030304
2011-04-03,31.93972121212121
2011-04-04,30.452024096385554
2011-04-05,33.3704023668639
2011-04-06,37.27971604938273
2011-04-07,41.081971223021576
2011-04-08,35.6096
2011-04-09,36.20175301204821
2011-04-10,37.049725609756095
2011-04-11,34.88973652694612
2011-04-12,38.456499999999984
2011-04-13,39.459479532163726
2011-04-14,38.847106508875754
2011-04-15,36.5712327044025
2011-04-16,31.51144444444445
2011-04-17,29.885141104294465
2011-04-18,25.304729032258066
2011-04-19,26.404910179640734
2011-04-20,29.930622754491026
2011-04-21,30.36878787878787
2011-04-22,33.60721893491123
2011-04-23,36.65358282208588
2011-04-24,32.599532467532484
2011-04-25,33.41374850299399
2011-04-26,37.87954437869821
2011-04-27,38.71866666666666
2011-04-28,38.71290963855422
2011-04-29,39.618167664670665
2011-04-30,39.518988165680476
2011-05-01,39.26777380952381
2011-05-02,39.28723976608185
2011-05-03,40.61121637426898
2011-05-04,43.6818245614035
2011-05-05,45.079247126436776
2011-05-06,43.999853801169564
2011-05-07,41.36149999999999
2011-05-08,40.41903973509935
2011-05-09,37.49088757396451
2011-05-10,35.511811764705904
2011-05-11,37.57508092485549
2011-05-12,37.56206358381504
2011-05-13,42.08183236994218
2011-05-14,42.758345454545456
2011-05-15,38.5113780487805
2011-05-16,35.80039181286549
2011-05-17,35.64596341463414
2011-05-18,32.74988372093023
2011-05-19,32.38844
2011-05-20,36.35727325581396
2011-05-21,40.31304651162787
2011-05-22,41.6968511904762
2011-05-23,40.97988757396451
2011-05-24,41.382505681818174
2011-05-25,39.695698795180725
2011-05-26,38.01701724137933
2011-05-27,37.098736842105254
2011-05-28,38.1794739884393
2011-05-29,35.90036363636365
2011-05-30,36.87164772727271
2011-05-31,36.89647674418604
2011-06-01,33.24278823529412
2011-06-02,33.104448863636364
2011-06-03,36.12781818181819
2011-06-04,34.49426114649684
2011-06-05,33.189552941176444
2011-06-06,32.53450000000001
2011-06-07,32.531171428571426
2011-06-08,35.12983625730995
2011-06-09,37.3604593023256
2011-06-10,39.91551704545457
2011-06-11,39.31660588235294
2011-06-12,36.173916666666656
2011-06-13,32.067913580246895
2011-06-14,36.18546022727274
2011-06-15,40.91296511627906
2011-06-16,38.35934682080926
2011-06-17,38.883929824561385
2011-06-18,40.17854705882353
2011-06-19,34.9040135135135
2011-06-20,38.72222159090908
2011-06-21,43.68498275862069
2011-06-22,41.748312138728316
2011-06-23,38.51231609195402
2011-06-24,39.62256725146198
2011-06-25,41.40298285714285
2011-06-26,40.983550295858
2011-06-27,36.71023529411767
2011-06-28,26.24434782608695
2011-06-29,24.813450292397658
2011-06-30,30.834568181818188
2011-07-01,38.962589887640455
2011-07-02,43.18359090909094
2011-07-03,40.27230635838151
2011-07-04,37.57467630057805
2011-07-05,36.364508571428594
2011-07-06,36.88007386363636
2011-07-07,35.298085227272736
2011-07-08,35.648943820224744
2011-07-09,35.41923863636361
2011-07-10,35.60439411764703
2011-07-11,30.71240236686388
2011-07-12,29.74444318181818
2011-07-13,27.583167630057808
2011-07-14,28.03048484848485
2011-07-15,28.79434545454546
2011-07-16,27.48577906976745
2011-07-17,29.22707558139533
2011-07-18,28.223816568047337
2011-07-19,27.879208092485538
2011-07-20,33.55506249999999
2011-07-21,36.70369886363636
2011-07-22,36.583687861271656
2011-07-23,35.55142196531791
2011-07-24,34.682747126436794
2011-07-25,32.84358381502889
2011-07-26,29.92200584795321
2011-07-27,31.427167630057806
2011-07-28,35.41985955056179
2011-07-29,35.45495454545455
2011-07-30,35.35531073446327
2011-07-31,32.73750588235296
2011-08-01,35.53853977272728
2011-08-02,35.44300571428574
2011-08-03,35.117358381502875
2011-08-04,30.024542857142855
2011-08-05,31.385909604519767
2011-08-06,34.498080459770144
2011-08-07,34.68387356321839
2011-08-08,34.30254802259887
2011-08-09,37.55560795454547
2011-08-10,38.2255606936416
2011-08-11,35.98138068181817
2011-08-12,36.24389265536724
2011-08-13,38.516217142857116
2011-08-14,35.573160714285706
2011-08-15,32.648393258426964
2011-08-16,33.646894444444435
2011-08-17,35.53650847457628
2011-08-18,35.44623863636364
2011-08-19,34.2770734463277
2011-08-20,35.69176404494382
2011-08-21,36.2927288135593
2011-08-22,35.541101694915234
2011-08-23,37.30683050847456
2011-08-24,36.69322222222221
2011-08-25,31.599874285714307
2011-08-26,32.952900552486184
2011-08-27,36.16086033519553
2011-08-28,37.5298611111111
2011-08-29,36.660094444444425
2011-08-30,35.26767039106146
2011-08-31,35.85568715083797
2011-09-01,37.57952513966481
2011-09-02,38.551122222222226
2011-09-03,41.628134831460684
2011-09-04,42.070525139664795
2011-09-05,37.01641379310346
2011-09-06,35.44957954545455
2011-09-07,37.90121910112361
2011-09-08,35.5375754189944
2011-09-09,35.944116959064324
2011-09-10,38.20290909090908
2011-09-11,36.1652011494253
2011-09-12,34.7870790960452
2011-09-13,35.26945614035088
2011-09-14,35.58454913294797
2011-09-15,34.99344252873564
2011-09-16,31.587613095238105
2011-09-17,32.90808522727272
2011-09-18,35.57331249999999
2011-09-19,35.95861142857143
2011-09-20,35.71783333333333
2011-09-21,36.09376666666669
2011-09-22,33.849948863636364
2011-09-23,36.29563535911604
2011-09-24,33.607429411764684
2011-09-25,29.19928048780488
2011-09-26,28.730491525423737
2011-09-27,31.423553672316388
2011-09-28,36.25656111111111
2011-09-29,38.18980337078652
2011-09-30,31.219609589041106
2011-10-01,29.066029239766088
2011-10-02,27.00965895953758
2011-10-03,25.35640350877193
2011-10-04,28.559850574712637
2011-10-05,27.368321212121195
2011-10-06,23.197526011560694
2011-10-07,21.271914772727264
2011-10-08,24.41572159090909
2011-10-09,27.458373563218387
2011-10-10,23.420957575757583
2011-10-11,21.047662790697675
2011-10-12,24.296850574712643
2011-10-13,27.361644067796608
2011-10-14,30.88613068181819
2011-10-15,34.47216571428568
2011-10-16,29.912139534883732
2011-10-17,23.524936416184968
2011-10-18,26.520920903954806
2011-10-19,27.397558139534887
2011-10-20,27.38800000000001
2011-10-21,24.820111764705892
2011-10-22,27.951566473988446
2011-10-23,33.246311764705894
2011-10-24,32.275360946745565
2011-10-25,27.35635172413793
2011-10-26,24.673816568047318
2011-10-27,24.49008092485549
2011-10-28,25.669948571428556
2011-10-29,27.562609467455612
2011-10-30,28.584794117647057
2011-10-31,26.701452941176466
2011-11-01,28.776635802469148
2011-11-02,26.65556774193548
2011-11-03,28.75849375
2011-11-04,22.50805035971223
2011-11-05,22.663584337349395
2011-11-06,21.91184615384616
2011-11-07,17.17552095808383
2011-11-08,17.629797619047615
2011-11-09,20.584946107784425
2011-11-10,19.109283870967733
2011-11-11,22.481025316455693
2011-11-12,22.200865771812087
2011-11-13,19.705795180722887
2011-11-14,19.93425
2011-11-15,17.814773006134978
2011-11-16,17.003891566265054
2011-11-17,20.532381818181825
2011-11-18,23.986601265822788
2011-11-19,26.83956626506025
2011-11-20,24.72925
2011-11-21,17.489845238095242
2011-11-22,16.22801818181818
2011-11-23,20.12239393939394
2011-11-24,23.64138993710693
2011-11-25,18.977580838323348
2011-11-26,17.380877300613488
2011-11-27,16.687474999999992
2011-11-28,10.524549668874178
2011-11-29,9.860000000000003
2011-11-30,22.32596987951808
2011-12-01,27.282000000000004
2011-12-02,22.272429487179494
2011-12-03,24.1248188405797
2011-12-04,20.92145911949686
2011-12-05,22.17885620915033
2011-12-06,17.722588235294122
2011-12-07,15.19182781456954
2011-12-08,14.252264150943393
2011-12-09,14.934800000000005
2011-12-10,16.30478343949045
2011-12-11,21.07244720496894
2011-12-12,16.62398013245034
2011-12-13,15.589044585987265
2011-12-14,15.089886075949373
2011-12-15,18.814056250000007
2011-12-16,21.788389937106924
2011-12-17,17.226897058823525
2011-12-18,18.011810126582283
2011-12-19,16.911756250000003
2011-12-20,15.785229813664591
2011-12-21,17.779691823899373
2011-12-22,21.58544520547946
2011-12-23,17.5816125
2011-12-24,18.046416666666666
2011-12-25,18.368237500000006
2011-12-26,16.942140127388527
2011-12-27,15.255825806451616
2011-12-28,14.339717105263151
2011-12-29,11.394255033557053
2011-12-30,14.135987341772154
2011-12-31,17.566716129032248
2012-01-01,19.279578313253012
2012-01-02,17.398186746987957
2012-01-03,14.61304848484849
2012-01-04,15.348592814371248
2012-01-05,16.564583333333342
2012-01-06,15.940773809523824
2012-01-07,24.719461077844304
2012-01-08,22.33395808383234
2012-01-09,17.682335329341317
2012-01-10,16.508434523809534
2012-01-11,15.006580838323359
2012-01-12,19.095245508982032
2012-01-13,19.610815476190485
2012-01-14,17.501089285714293
2012-01-15,28.65643975903615
2012-01-16,24.15859509202454
2012-01-17,19.896127272727274
2012-01-18,18.697321212121203
2012-01-19,17.974746987951807
2012-01-20,21.690946107784413
2012-01-21,23.515018072289163
2012-01-22,24.514281437125746
2012-01-23,19.53439520958084
2012-01-24,16.65764071856288
2012-01-25,14.523172619047616
2012-01-26,14.347309523809516
2012-01-27,21.841000000000005
2012-01-28,22.216029761904775
2012-01-29,20.383303571428566
2012-01-30,19.21355029585801
2012-01-31,20.68379289940829
2012-02-01,22.302281437125753
2012-02-02,22.426572289156624
2012-02-03,23.66984939759037
2012-02-04,26.883848484848485
2012-02-05,27.400321212121224
2012-02-06,26.14568902439025
2012-02-07,23.41645679012347
2012-02-08,23.232435582822088
2012-02-09,22.25496363636364
2012-02-10,28.06992073170732
2012-02-11,28.081475609756087
2012-02-12,28.53931901840493
2012-02-13,27.870335365853663
2012-02-14,24.56381707317073
2012-02-15,27.07226543209876
2012-02-16,24.587597560975603
2012-02-17,22.531634146341467
2012-02-18,28.728695121951237
2012-02-19,27.489195121951226
2012-02-20,24.556286585365854
2012-02-21,21.576254545454546
2012-02-22,23.47541212121213
2012-02-23,29.37430909090909
2012-02-24,31.9284156626506
2012-02-25,33.27603636363635
2012-02-26,36.014872727272746
2012-02-27,32.185012048192746
2012-02-28,31.02718902439024
2012-02-29,31.92012195121951
2012-03-01,30.663745454545445
2012-03-02,27.261775757575755
2012-03-03,27.665678787878786
2012-03-04,28.73339506172839
2012-03-05,29.31138271604937
2012-03-06,36.615981595092016
2012-03-07,30.615453987730074
2012-03-08,30.34349390243902
2012-03-09,34.88084049079754
2012-03-10,39.89812195121951
2012-03-11,35.95034146341465
2012-03-12,35.854615853658515
2012-03-13,30.70921818181819
2012-03-14,27.80071686746989
2012-03-15,27.306856287425138
2012-03-16,29.77839520958085
2012-03-17,39.84187878787881
2012-03-18,35.95966463414633
2012-03-19,30.432579268292685
2012-03-20,28.99426666666668
2012-03-21,31.159666666666656
2012-03-22,35.11957317073171
2012-03-23,30.86983636363635
2012-03-24,36.39200606060604
2012-03-25,36.970754601226986
2012-03-26,34.46427878787876
2012-03-27,34.92981325301206
2012-03-28,32.33608484848482
2012-03-29,32.00810843373494
2012-03-30,34.83450909090908
2012-03-31,39.18351190476192
2012-04-01,36.68805917159765
2012-04-02,32.985370588235284
2012-04-03,39.17199404761904
2012-04-04,39.22557396449703
2012-04-05,37.37461538461537
2012-04-06,34.348248520710065
2012-04-07,39.549165680473365
2012-04-08,44.58576785714284
2012-04-09,44.40185882352942
2012-04-10,37.56854385964913
2012-04-11,35.812589285714296
2012-04-12,40.82407058823527
2012-04-13,42.029928994082816
2012-04-14,34.731514792899425
2012-04-15,34.50839053254437
2012-04-16,36.479970059880216
2012-04-17,36.12313253012045
2012-04-18,36.42170588235295
2012-04-19,30.42566666666668
2012-04-20,32.326540697674425
2012-04-21,40.167662790697676
2012-04-22,42.70969942196534
2012-04-23,30.449116959064327
2012-04-24,26.839976608187126
2012-04-25,25.40989017341041
2012-04-26,34.55812865497076
2012-04-27,35.135485549132945
2012-04-28,37.69561046511628
2012-04-29,39.03958139534885
2012-04-30,40.515668539325816
2012-05-01,40.54208938547487
2012-05-02,42.750488888888896
2012-05-03,34.199094444444434
2012-05-04,38.04799444444443
2012-05-05,44.004844444444466
2012-05-06,44.215217877094986
2012-05-07,44.51386666666666
2012-05-08,44.50165
2012-05-09,47.595491620111744
2012-05-10,46.0993388888889
2012-05-11,45.945351955307295
2012-05-12,49.28241899441343
2012-05-13,46.32414044943821
2012-05-14,40.05072471910114
2012-05-15,40.470395480226
2012-05-16,45.0102388888889
2012-05-17,45.13313407821228
2012-05-18,42.37835195530728
2012-05-19,46.472651685393245
2012-05-20,45.21825842696626
2012-05-21,42.10079661016949
2012-05-22,45.12635393258427
2012-05-23,45.65660112359552
2012-05-24,45.70389944134077
2012-05-25,37.26733888888887
2012-05-26,34.76546368715084
2012-05-27,36.144435754189956
2012-05-28,41.23201117318434
2012-05-29,40.75025280898877
2012-05-30,42.070094972067054
2012-05-31,44.75481215469612
2012-06-01,43.069237569060775
2012-06-02,37.286307262569814
2012-06-03,39.58492134831463
2012-06-04,35.04244382022472
2012-06-05,36.845638888888885
2012-06-06,37.73101117318438
2012-06-07,40.75094915254239
2012-06-08,43.27507303370788
2012-06-09,42.29761016949153
2012-06-10,41.66298863636364
2012-06-11,43.643039548022564
2012-06-12,43.34707428571429
2012-06-13,41.90544632768361
2012-06-14,42.80279096045199
2012-06-15,40.410530726256994
2012-06-16,41.20437430167597
2012-06-17,44.10516759776535
2012-06-18,41.12354494382024
2012-06-19,41.50068361581921
2012-06-20,45.54681355932204
2012-06-21,40.326960451977385
2012-06-22,31.011430167597762
2012-06-23,33.23403409090908
2012-06-24,35.21001136363636
2012-06-25,34.45784269662919
2012-06-26,35.62812222222223
2012-06-27,39.672788888888896
2012-06-28,36.793799999999976
2012-06-29,36.040917127071815
2012-06-30,31.47266111111108
2012-07-01,28.772988950276236
2012-07-02,33.195723756906084
2012-07-03,36.93547222222225
2012-07-04,39.412614525139645
2012-07-05,36.98089502762433
2012-07-06,39.534445054945
2012-07-07,43.304696132596696
2012-07-08,43.410637362637345
2012-07-09,46.39634806629837
2012-07-10,50.17823369565217
2012-07-11,49.98605524861875
2012-07-12,42.76054347826089
2012-07-13,38.81734254143647
2012-07-14,40.523110497237575
2012-07-15,40.21793370165745
2012-07-16,34.26289010989011
2012-07-17,31.832538461538448
2012-07-18,35.34418681318681
2012-07-19,34.722414364640905
2012-07-20,37.157701657458574
2012-07-21,40.65639779005527
2012-07-22,39.90806629834255
2012-07-23,36.75732044198896
2012-07-24,38.63184065934065
2012-07-25,41.911896174863365
2012-07-26,41.78203846153846
2012-07-27,40.94075956284153
2012-07-28,40.564209944751376
2012-07-29,39.682128491620105
2012-07-30,40.86184831460676
2012-07-31,41.41972222222221
2012-08-01,42.90664444444446
2012-08-02,43.687104972375685
2012-08-03,41.65888950276243
2012-08-04,38.59880110497237
2012-08-05,38.61088397790056
2012-08-06,36.10076243093921
2012-08-07,37.553164835164864
2012-08-08,39.928758241758224
2012-08-09,41.320342391304344
2012-08-10,44.30962500000002
2012-08-11,45.75331868131868
2012-08-12,45.495138121546965
2012-08-13,44.31815934065934
2012-08-14,42.08578142076504
2012-08-15,43.81716304347828
2012-08-16,42.1154972677596
2012-08-17,38.30886885245901
2012-08-18,36.98502732240436
2012-08-19,35.67348087431696
2012-08-20,37.081830601092896
2012-08-21,34.203173913043514
2012-08-22,34.346524861878464
2012-08-23,36.612681318681325
2012-08-24,39.62138121546963
2012-08-25,40.913127777777774
2012-08-26,37.65084444444445
2012-08-27,36.24128729281768
2012-08-28,36.65518888888892
2012-08-29,39.67661111111109
2012-08-30,40.08207777777775
2012-08-31,35.53922099447513
2012-09-01,36.99883798882682
2012-09-02,41.398796703296696
2012-09-03,42.23381767955801
2012-09-04,38.788464088397774
2012-09-05,35.107285714285716
2012-09-06,37.55004371584699
2012-09-07,37.338288043478244
2012-09-08,39.503661202185796
2012-09-09,38.983690607734815
2012-09-10,36.49617127071824
2012-09-11,35.73188586956521
2012-09-12,37.453184782608695
2012-09-13,38.909000000000006
2012-09-14,40.39860655737707
2012-09-15,40.91773369565217
2012-09-16,40.842521739130454
2012-09-17,39.21896195652175
2012-09-18,38.09025543478264
2012-09-19,38.01536413043479
2012-09-20,38.415608695652146
2012-09-21,38.47440000000002
2012-09-22,41.0834
2012-09-23,39.3892119565217
2012-09-24,33.103172972973
2012-09-25,34.22158918918918
2012-09-26,36.54361621621622
2012-09-27,38.9636630434783
2012-09-28,38.00346739130435
2012-09-29,39.38366847826086
2012-09-30,40.93972282608696
2012-10-01,40.000972527472506
2012-10-02,42.43775409836065
2012-10-03,40.67767032967032
2012-10-04,35.14557142857141
2012-10-05,28.706532967032967
2012-10-06,32.14584615384615
2012-10-07,31.450967032967032
2012-10-08,30.79300000000002
2012-10-09,29.909177777777792
2012-10-10,29.780093922651922
2012-10-11,26.66506666666665
2012-10-12,23.188522222222232
2012-10-13,27.753541436464076
2012-10-14,28.38515083798882
2012-10-15,28.078222222222205
2012-10-16,28.82303333333334
2012-10-17,33.95808287292817
2012-10-18,35.055055555555526
2012-10-19,31.388444444444428
2012-10-20,33.09036666666666
2012-10-21,33.02473743016759
2012-10-22,30.748088888888873
2012-10-23,26.834361111111132
2012-10-24,27.85305555555557
2012-10-25,29.811238888888912
2012-10-26,27.06005
2012-10-27,27.97893333333333
2012-10-28,30.73269444444444
2012-10-29,29.509314606741576
2012-10-30,28.477932960893856
2012-10-31,24.86507222222221
2012-11-01,21.57560465116279
2012-11-02,20.768672413793105
2012-11-03,24.664965317919076
2012-11-04,26.60590751445084
2012-11-05,24.01418390804597
2012-11-06,26.41932758620689
2012-11-07,32.81611627906976
2012-11-08,29.308426900584806
2012-11-09,27.4205
2012-11-10,25.643976744186038
2012-11-11,24.11312280701755
2012-11-12,22.875723529411765
2012-11-13,20.834593023255827
2012-11-14,18.87861403508772
2012-11-15,20.01740116279069
2012-11-16,23.53038953488373
2012-11-17,26.04508187134503
2012-11-18,22.530459302325593
2012-11-19,22.102302325581388
2012-11-20,23.291988372093034
2012-11-21,21.85706976744186
2012-11-22,20.843616279069764
2012-11-23,18.550075581395348
2012-11-24,18.67837426900584
2012-11-25,21.254842105263172
2012-11-26,18.01582456140352
2012-11-27,19.07636627906977
2012-11-28,24.13039534883722
2012-11-29,22.568087719298248
2012-11-30,22.85488304093568
2012-12-01,25.74465454545455
2012-12-02,24.889615853658533
2012-12-03,16.55245731707316
2012-12-04,14.96229090909091
2012-12-05,14.724896969696967
2012-12-06,15.637134969325151
2012-12-07,14.243380368098162
2012-12-08,15.972871951219506
2012-12-09,19.606393939393925
2012-12-10,15.343484848484847
2012-12-11,20.032608433734946
2012-12-12,25.48968072289157
2012-12-13,20.044120481927713
2012-12-14,19.3178502994012
2012-12-15,20.326934131736525
2012-12-16,24.47835928143713
2012-12-17,23.73037575757576
2012-12-18,28.38700598802397
2012-12-19,20.713759036144573
2012-12-20,23.17755688622753
2012-12-21,23.58990963855421
2012-12-22,25.38466265060241
2012-12-23,28.28584939759036
2012-12-24,21.806862275449095
2012-12-25,22.19841818181818
2012-12-26,24.79073780487805
2012-12-27,19.743347560975614
2012-12-28,17.688939759036153
2012-12-29,18.96518787878789
2012-12-30,23.67688484848485
2012-12-31,22.98274545454545
2013-01-01,23.41993209876544
2013-01-02,19.612129629629628
2013-01-03,19.001658536585364
2013-01-04,17.517109756097554
2013-01-05,20.224719512195133
2013-01-06,24.936365853658533
2013-01-07,18.836500000000004
2013-01-08,15.910078787878795
2013-01-09,21.585432098765434
2013-01-10,28.14158641975309
2013-01-11,23.688259259259272
2013-01-12,22.420718749999995
2013-01-13,27.57333749999999
2013-01-14,23.46492592592592
2013-01-15,19.49633962264151
2013-01-16,18.611120253164554
2013-01-17,18.996660377358488
2013-01-18,19.818417177914103
2013-01-19,21.820926380368096
2013-01-20,23.002147239263802
2013-01-21,20.981216049382716
2013-01-22,17.859560240963855
2013-01-23,14.828586419753075
2013-01-24,10.165310975609751
2013-01-25,11.124294478527608
2013-01-26,24.22617901234569
2013-01-27,28.157420731707287
2013-01-28,24.34543827160493
2013-01-29,19.446765432098765
2013-01-30,17.858277777777776
2013-01-31,18.064314814814814
2013-02-01,17.311294478527607
2013-02-02,17.440708074534154
2013-02-03,22.65354658385095
2013-02-04,20.668859756097557
2013-02-05,23.424192546583853
2013-02-06,23.450128834355827
2013-02-07,31.71429696969699
2013-02-08,28.20813333333333
2013-02-09,25.18703067484661
2013-02-10,26.26310429447853
2013-02-11,25.531564417177922
2013-02-12,24.24787037037038
2013-02-13,22.9689156626506
2013-02-14,25.31977575757576
2013-02-15,26.698487804878035
2013-02-16,27.242286585365854
2013-02-17,31.37149696969697
2013-02-18,36.51825609756098
2013-02-19,33.750944785276076
2013-02-20,27.24887577639752
2013-02-21,24.444931677018623
2013-02-22,26.422490683229817
2013-02-23,34.455856250000004
2013-02-24,29.418161490683236
2013-02-25,27.621192546583856
2013-02-26,29.65196894409937
2013-02-27,30.043055900621113
2013-02-28,28.40591194968553
2013-03-01,27.01628571428572
2013-03-02,31.286160493827172
2013-03-03,31.26804907975461
2013-03-04,27.393073619631906
2013-03-05,35.88790740740743
2013-03-06,29.746191358024703
2013-03-07,30.93406172839505
2013-03-08,32.04276073619633
2013-03-09,27.76349079754601
2013-03-10,28.86699386503066
2013-03-11,28.49528395061727
2013-03-12,29.959233128834352
2013-03-13,31.12730434782609
2013-03-14,31.15870807453415
2013-03-15,32.11727950310558
2013-03-16,36.13559999999997
2013-03-17,37.13757861635222
2013-03-18,32.80611042944785
2013-03-19,33.648822085889556
2013-03-20,32.01247560975612
2013-03-21,35.373552147239245
2013-03-22,39.737754601227
2013-03-23,39.99984049079753
2013-03-24,39.074457317073175
2013-03-25,39.15216463414632
2013-03-26,37.08426666666666
2013-03-27,32.88495757575757
2013-03-28,26.86786666666667
2013-03-29,29.348575757575755
2013-03-30,30.3698780487805
2013-03-31,29.106198830409358
2013-04-01,30.836421052631565
2013-04-02,29.18217241379309
2013-04-03,33.86533908045977
2013-04-04,31.24227999999999
2013-04-05,30.67794252873564
2013-04-06,34.803436781609214
2013-04-07,39.207660919540245
2013-04-08,38.63301156069363
2013-04-09,36.421580459770134
2013-04-10,33.81552571428572
2013-04-11,35.42642613636362
2013-04-12,36.650540229885046
2013-04-13,41.4248620689655
2013-04-14,37.67019653179191
2013-04-15,38.92253757225431
2013-04-16,38.74003448275861
2013-04-17,37.73071676300579
2013-04-18,36.71158479532165
2013-04-19,37.71614534883718
2013-04-20,39.665790697674396
2013-04-21,43.20733139534882
2013-04-22,43.44303488372092
2013-04-23,42.51427586206897
2013-04-24,42.045695402298854
2013-04-25,36.60055491329478
2013-04-26,39.61542528735636
2013-04-27,42.13759302325581
2013-04-28,42.80608670520231
2013-04-29,41.388901734104046
2013-04-30,45.14101675977656
2013-05-01,44.455860335195524
2013-05-02,49.79008287292818
2013-05-03,53.016838888888934
2013-05-04,53.72921229050282
2013-05-05,43.51125568181817
2013-05-06,35.431780898876404
2013-05-07,35.450825842696624
2013-05-08,35.415790960451986
2013-05-09,36.37721590909091
2013-05-10,38.54339204545454
2013-05-11,43.9353465909091
2013-05-12,42.711531428571455
2013-05-13,40.4157356321839
2013-05-14,41.056235632183935
2013-05-15,41.640102272727255
2013-05-16,39.05325568181814
2013-05-17,37.935831460674144
2013-05-18,40.38299438202246
2013-05-19,42.67675280898877
2013-05-20,44.87359550561797
2013-05-21,46.035960674157295
2013-05-22,40.596677966101744
2013-05-23,38.79925423728813
2013-05-24,43.02691061452516
2013-05-25,42.27983798882683
2013-05-26,33.77950279329608
2013-05-27,31.05388826815644
2013-05-28,32.192379888268164
2013-05-29,36.57931284916203
2013-05-30,41.33364245810057
2013-05-31,44.09869273743017
2013-06-01,47.408505617977546
2013-06-02,43.41292090395481
2013-06-03,41.83706214689264
2013-06-04,41.57580898876406
2013-06-05,41.6218700564972
2013-06-06,41.796350282485854
2013-06-07,42.485677777777774
2013-06-08,43.87313966480448
2013-06-09,40.19680446927372
2013-06-10,32.91809444444445
2013-06-11,37.17365730337079
2013-06-12,38.630642458100546
2013-06-13,36.769244318181826
2013-06-14,39.86673595505621
2013-06-15,42.278561797752815
2013-06-16,37.56551136363638
2013-06-17,34.88167796610166
2013-06-18,34.754944751381224
2013-06-19,34.235672222222206
2013-06-20,36.076394444444425
2013-06-21,37.6963
2013-06-22,39.58397777777783
2013-06-23,28.64455
2013-06-24,22.46533333333333
2013-06-25,19.542485875706216
2013-06-26,23.41725280898877
2013-06-27,30.29104000000001
2013-06-28,33.69323295454548
2013-06-29,36.52811428571429
2013-06-30,35.04893714285716
2013-07-01,34.83712068965519
2013-07-02,36.576757225433504
2013-07-03,38.00838953488372
2013-07-04,38.19965895953758
2013-07-05,34.605701149425286
2013-07-06,37.818058139534905
2013-07-07,41.812352941176464
2013-07-08,42.00008284023668
2013-07-09,40.50410465116279
2013-07-10,35.47294827586208
2013-07-11,33.41472
2013-07-12,37.560846590909115
2013-07-13,39.87879545454543
2013-07-14,38.608812500000006
2013-07-15,36.28897714285714
2013-07-16,35.92662921348316
2013-07-17,38.54297740112994
2013-07-18,39.77456424581006
2013-07-19,41.36881005586592
2013-07-20,41.49168715083796
2013-07-21,38.58733707865171
2013-07-22,38.041101123595524
2013-07-23,37.688438202247184
2013-07-24,37.799265536723155
2013-07-25,37.417871508379896
2013-07-26,35.257441340782094
2013-07-27,38.794363128491604
2013-07-28,36.53672471910111
2013-07-29,37.839733333333356
2013-07-30,40.36140659340658
2013-07-31,36.84231284916199
2013-08-01,35.766361111111095
2013-08-02,39.01632044198893
2013-08-03,40.24624581005586
2013-08-04,39.85867222222222
2013-08-05,37.732955801104936
2013-08-06,36.2285810055866
2013-08-07,29.438691011235967
2013-08-08,29.852909604519766
2013-08-09,32.519642045454546
2013-08-10,34.472914772727286
2013-08-11,35.77706249999995
2013-08-12,36.7112415730337
2013-08-13,39.2257150837989
2013-08-14,38.835528409090905
2013-08-15,35.50168539325844
2013-08-16,33.87133333333333
2013-08-17,34.4499382022472
2013-08-18,36.82080337078652
2013-08-19,38.25033146067414
2013-08-20,39.224727777777794
2013-08-21,33.51865000000001
2013-08-22,33.139455555555536
2013-08-23,34.92612222222223
2013-08-24,32.56137222222223
2013-08-25,30.830229050279325
2013-08-26,28.39731284916201
2013-08-27,32.2170055865922
2013-08-28,31.221331491712732
2013-08-29,28.881010989011003
2013-08-30,30.581727777777786
2013-08-31,30.925933701657467
2013-09-01,26.38522651933701
2013-09-02,25.15633888888889
2013-09-03,30.724144444444427
2013-09-04,33.68631843575417
2013-09-05,33.71835393258427
2013-09-06,35.881307262569855
2013-09-07,38.91493854748602
2013-09-08,38.490413407821215
2013-09-09,35.85730000000001
2013-09-10,35.341561111111105
2013-09-11,33.894499999999994
2013-09-12,35.86722777777777
2013-09-13,38.01500000000002
2013-09-14,41.657157303370816
2013-09-15,36.75869101123597
2013-09-16,34.993519774011325
2013-09-17,33.964842696629184
2013-09-18,34.87622471910111
2013-09-19,41.137988826815636
2013-09-20,37.32559668508285
2013-09-21,32.36054143646409
2013-09-22,32.54017777777779
2013-09-23,33.525582417582434
2013-09-24,38.455999999999996
2013-09-25,33.056733333333355
2013-09-26,28.65077900552488
2013-09-27,28.719417582417588
2013-09-28,35.063868131868155
2013-09-29,33.213032967032966
2013-09-30,31.38117032967032
2013-10-01,32.68975418994413
2013-10-02,34.15848295454545
2013-10-03,34.4653220338983
2013-10-04,32.603893854748584
2013-10-05,34.29483707865169
2013-10-06,38.566820224719095
2013-10-07,39.441977528089865
2013-10-08,38.15776271186439
2013-10-09,28.62764971751411
2013-10-10,27.999325842696642
2013-10-11,30.586418079096045
2013-10-12,36.35610734463276
2013-10-13,31.770480225988702
2013-10-14,32.155662921348316
2013-10-15,33.39418079096045
2013-10-16,33.01368000000001
2013-10-17,34.98771910112359
2013-10-18,33.87051412429377
2013-10-19,37.15886931818181
2013-10-20,37.84265340909089
2013-10-21,33.120146892655356
2013-10-22,33.07290340909092
2013-10-23,35.210170454545455
2013-10-24,33.92981249999999
2013-10-25,30.561079545454536
2013-10-26,34.06547428571428
2013-10-27,38.77686285714286
2013-10-28,25.917371428571425
2013-10-29,21.289519553072623
2013-10-30,21.663651685393265
2013-10-31,23.557194444444466
2013-11-01,25.91904678362573
2013-11-02,32.542812865497076
2013-11-03,32.61117543859648
2013-11-04,27.58275294117648
2013-11-05,24.801367469879533
2013-11-06,24.146662721893488
2013-11-07,24.10636094674557
2013-11-08,25.107810650887586
2013-11-09,30.321745562130168
2013-11-10,33.29101190476193
2013-11-11,27.960065868263484
2013-11-12,19.72277844311377
2013-11-13,24.925748502994004
2013-11-14,25.05618235294116
2013-11-15,26.183023391812863
2013-11-16,28.783511764705892
2013-11-17,25.021482352941195
2013-11-18,26.818437869822496
2013-11-19,23.869229411764717
2013-11-20,24.30049707602341
2013-11-21,25.237441176470604
2013-11-22,21.886232142857146
2013-11-23,20.555832335329328
2013-11-24,20.319130952380952
2013-11-25,19.209988095238106
2013-11-26,17.575748538011702
2013-11-27,20.521615384615377
2013-11-28,23.229154761904763
2013-11-29,18.74981065088759
2013-11-30,21.064664705882358
2013-12-01,22.381036809815946
2013-12-02,20.677327160493828
2013-12-03,28.40369090909092
2013-12-04,22.159412121212124
2013-12-05,20.525640243902444
2013-12-06,25.046054545454545
2013-12-07,25.240963414634127
2013-12-08,23.92519631901841
2013-12-09,22.708190184049073
2013-12-10,17.99470731707316
2013-12-11,17.555024390243908
2013-12-12,15.922287425149708
2013-12-13,17.871149700598806
2013-12-14,21.544143712574854
2013-12-15,21.012987951807233
2013-12-16,18.02169277108433
2013-12-17,15.072453987730064
2013-12-18,20.306871165644168
2013-12-19,23.465779141104303
2013-12-20,19.415231707317066
2013-12-21,18.596687116564414
2013-12-22,20.271895705521466
2013-12-23,20.1061472392638
2013-12-24,21.12571779141105
2013-12-25,25.988705521472397
2013-12-26,22.41662195121951
2013-12-27,17.702670731707325
2013-12-28,21.13394512195121
2013-12-29,25.454503067484666
2013-12-30,20.258080246913586
2013-12-31,21.937425
2014-01-01,22.087106250000005
2014-01-02,19.39840251572327
2014-01-03,18.22078125
2014-01-04,22.78790566037736
2014-01-05,25.564610062893085
2014-01-06,19.185320754716987
2014-01-07,17.153459119496862
2014-01-08,19.776259493670878
2014-01-09,21.62146540880504
2014-01-10,18.97133540372669
2014-01-11,23.137447204968943
2014-01-12,25.646166666666673
2014-01-13,22.206913580246926
2014-01-14,24.971760736196327
2014-01-15,24.075234939759035
2014-01-16,25.63145783132528
2014-01-17,23.091390243902445
2014-01-18,22.904618181818172
2014-01-19,23.79492727272727
2014-01-20,23.14030303030304
2014-01-21,19.429331288343555
2014-01-22,22.880878048780502
2014-01-23,27.529545454545456
2014-01-24,23.62776219512196
2014-01-25,25.354689024390243
2014-01-26,26.26867272727273
2014-01-27,23.6995843373494
2014-01-28,23.482096385542174
2014-01-29,23.521842424242426
2014-01-30,27.949251533742327
2014-01-31,27.08111042944785
2014-02-01,25.879141104294487
2014-02-02,28.371012269938657
2014-02-03,25.77268292682928
2014-02-04,25.19960843373495
2014-02-05,26.554132530120487
2014-02-06,24.95433132530121
2014-02-07,27.375469879518075
2014-02-08,25.257656626506012
2014-02-09,22.97508484848485
2014-02-10,20.90709696969698
2014-02-11,19.13782530120482
2014-02-12,21.337413173652692
2014-02-13,20.23093939393938
2014-02-14,21.465397590361466
2014-02-15,22.30530357142857
2014-02-16,25.37937500000001
2014-02-17,26.84339285714286
2014-02-18,25.352783132530128
2014-02-19,29.981712574850288
2014-02-20,25.1340843373494
2014-02-21,28.81307784431139
2014-02-22,30.677315151515145
2014-02-23,34.57506666666665
2014-02-24,34.72871686746987
2014-02-25,36.83821686746987
2014-02-26,29.14447305389223
2014-02-27,30.48808484848485
2014-02-28,35.79705421686747
2014-03-01,31.42485365853659
2014-03-02,26.691981595092024
2014-03-03,25.335790123456782
2014-03-04,23.89451851851852
2014-03-05,27.889852760736183
2014-03-06,31.01575609756098
2014-03-07,27.214098765432105
2014-03-08,30.558709876543226
2014-03-09,31.637621118012422
2014-03-10,35.24721604938272
2014-03-11,35.25387037037037
2014-03-12,32.71886163522012
2014-03-13,32.27450000000001
2014-03-14,31.82346875
2014-03-15,34.136799999999994
2014-03-16,39.88025625
2014-03-17,37.85120000000001
2014-03-18,32.659720496894415
2014-03-19,33.61634591194971
2014-03-20,37.35163125
2014-03-21,40.10234999999999
2014-03-22,37.71926415094341
2014-03-23,38.64818867924527
2014-03-24,40.23358385093167
2014-03-25,39.51695031055899
2014-03-26,34.889310559006226
2014-03-27,33.3124465408805
2014-03-28,31.224250000000005
2014-03-29,35.18383749999997
2014-03-30,35.52601257861633
2014-03-31,38.52861818181819
2014-04-01,39.020355029585815
2014-04-02,33.29575294117647
2014-04-03,35.77777514792899
2014-04-04,35.54615976331363
2014-04-05,34.23041666666667
2014-04-06,32.50091666666668
2014-04-07,35.35914035087719
2014-04-08,38.96946511627909
2014-04-09,36.75397660818713
2014-04-10,35.05633918128657
2014-04-11,39.212941520467844
2014-04-12,40.922970760233895
2014-04-13,38.29249704142009
2014-04-14,39.35950000000003
2014-04-15,41.80499408284022
2014-04-16,40.2687023809524
2014-04-17,41.75630588235296
2014-04-18,39.38142105263158
2014-04-19,40.75272941176471
2014-04-20,41.90175294117649
2014-04-21,46.9918128654971
2014-04-22,44.08478362573097
2014-04-23,40.47227325581394
2014-04-24,42.54162068965515
2014-04-25,40.70353448275862
2014-04-26,39.84140229885056
2014-04-27,38.87583236994221
2014-04-28,42.98978160919537
2014-04-29,42.99689595375723
2014-04-30,47.93791011235953
2014-05-01,50.39560555555556
2014-05-02,48.10476111111108
2014-05-03,45.35422598870057
2014-05-04,40.801368421052615
2014-05-05,40.42095375722544
2014-05-06,35.269925714285726
2014-05-07,39.06414772727271
2014-05-08,36.5599604519774
2014-05-09,40.85499438202247
2014-05-10,41.606971910112364
2014-05-11,36.51875842696629
2014-05-12,40.367770949720715
2014-05-13,47.60147191011235
2014-05-14,46.7259175824176
2014-05-15,48.748861878453035
2014-05-16,48.99884831460671
2014-05-17,45.970395480226
2014-05-18,39.38653672316388
2014-05-19,36.75750561797757
2014-05-20,33.67755056179775
2014-05-21,34.862702247191
2014-05-22,37.67601704545453
2014-05-23,38.46613714285714
2014-05-24,37.77557142857143
2014-05-25,40.96358620689657
2014-05-26,41.844321839080436
2014-05-27,46.23824571428572
2014-05-28,42.063091428571454
2014-05-29,41.50219318181819
2014-05-30,45.33483050847458
2014-05-31,47.017016853932546
2014-06-01,49.023796610169455
2014-06-02,44.07264971751413
2014-06-03,44.67110857142857
2014-06-04,47.412068181818164
2014-06-05,47.2737167630058
2014-06-06,45.66100571428573
2014-06-07,44.79841714285713
2014-06-08,43.58717142857145
2014-06-09,46.082988571428565
2014-06-10,42.3953465909091
2014-06-11,42.01552571428573
2014-06-12,39.620742857142865
2014-06-13,38.81421590909089
2014-06-14,41.80822159090909
2014-06-15,38.40624431818183
2014-06-16,34.706196629213494
2014-06-17,32.35556179775281
2014-06-18,36.83469273743016
2014-06-19,39.98891011235955
2014-06-20,42.393679558011065
2014-06-21,41.21767403314917
2014-06-22,39.67385635359118
2014-06-23,40.99097222222221
2014-06-24,36.43018784530386
2014-06-25,32.22645303867402
2014-06-26,31.277194444444472
2014-06-27,29.98940331491713
2014-06-28,37.5110220994475
2014-06-29,41.122988888888884
2014-06-30,42.81063128491621
2014-07-01,42.72293220338985
2014-07-02,39.852452513966455
2014-07-03,37.242393258426965
2014-07-04,36.8532752808989
2014-07-05,38.26135955056179
2014-07-06,40.08468361581922
2014-07-07,38.81424719101122
2014-07-08,39.96119101123594
2014-07-09,36.33738764044942
2014-07-10,34.16856179775282
2014-07-11,31.814016949152563
2014-07-12,35.09374431818183
2014-07-13,38.04803409090909
2014-07-14,37.04242045454547
2014-07-15,36.50156250000001
2014-07-16,33.66546590909092
2014-07-17,31.52467231638419
2014-07-18,32.118488764044926
2014-07-19,32.38813636363637
2014-07-20,31.7135227272727
2014-07-21,31.910414772727265
2014-07-22,32.35426553672316
2014-07-23,31.430494382022466
2014-07-24,38.152522471910096
2014-07-25,40.406312500000034
2014-07-26,41.641085714285715
2014-07-27,40.23194915254237
2014-07-28,38.06090449438205
2014-07-29,37.870666666666644
2014-07-30,38.27416477272728
2014-07-31,39.20990960451979
2014-08-01,39.60730681818182
2014-08-02,35.48070857142857
2014-08-03,33.86000574712642
2014-08-04,34.16372159090907
2014-08-05,33.86427840909094
2014-08-06,37.733965714285695
2014-08-07,38.98233522727273
2014-08-08,40.626182857142865
2014-08-09,39.031451428571415
2014-08-10,36.77087428571432
2014-08-11,36.57607386363637
2014-08-12,34.7812372881356
2014-08-13,29.762344632768354
2014-08-14,30.99140112994349
2014-08-15,35.13454494382021
2014-08-16,37.60969318181821
2014-08-17,38.855937500000024
2014-08-18,37.90485875706216
2014-08-19,35.742230337078645
2014-08-20,32.63223163841806
2014-08-21,34.876638418079075
2014-08-22,34.90416292134831
2014-08-23,37.43426404494385
2014-08-24,38.3148033707865
2014-08-25,36.40638764044944
2014-08-26,37.96225280898877
2014-08-27,41.68053370786516
2014-08-28,40.71049720670396
2014-08-29,39.20060893854747
2014-08-30,39.007061452513966
2014-08-31,38.006387640449404
2014-09-01,38.83591061452514
2014-09-02,38.91368156424581
2014-09-03,39.68527374301677
2014-09-04,39.79592090395482
2014-09-05,41.409874285714274
2014-09-06,43.37379069767441
2014-09-07,42.10822941176469
2014-09-08,35.607760233918135
2014-09-09,33.298436046511604
2014-09-10,40.29564161849711
2014-09-11,43.449350282485895
2014-09-12,42.24443181818181
2014-09-13,41.71100571428569
2014-09-14,41.04674857142857
2014-09-15,37.36724712643678
2014-09-16,35.25752298850575
2014-09-17,31.497988571428557
2014-09-18,25.952762711864423
2014-09-19,29.86009039548023
2014-09-20,34.43142045454545
2014-09-21,32.96357386363635
2014-09-22,36.15081460674156
2014-09-23,35.30050847457628
2014-09-24,31.149331460674137
2014-09-25,27.753011235955054
2014-09-26,32.31611797752807
2014-09-27,32.63510112359549
2014-09-28,30.480280898876394
2014-09-29,31.46567977528091
2014-09-30,35.0709
2014-10-01,34.941033707865145
2014-10-02,38.45773888888887
2014-10-03,40.98296111111111
2014-10-04,42.835549999999984
2014-10-05,45.39350555555556
2014-10-06,41.90900555555558
2014-10-07,38.7959944134078
2014-10-08,32.853681564245804
2014-10-09,31.635831460674144
2014-10-10,32.44164606741573
2014-10-11,36.13448876404493
2014-10-12,36.07492045454546
2014-10-13,38.128163841807904
2014-10-14,35.57649999999997
2014-10-15,28.595683333333373
2014-10-16,31.41118333333332
2014-10-17,34.31089944134083
2014-10-18,34.510415730337094
2014-10-19,35.4551920903955
2014-10-20,33.65311864406779
2014-10-21,31.828327777777766
2014-10-22,31.314525139664802
2014-10-23,32.30550837988828
2014-10-24,36.364642458100576
2014-10-25,30.68573184357541
2014-10-26,30.214692737430163
2014-10-27,26.79463483146068
2014-10-28,28.639039325842727
2014-10-29,30.170055865921828
2014-10-30,34.28632402234637
2014-10-31,32.89225988700568
2014-11-01,28.03965060240962
2014-11-02,25.522168674698786
2014-11-03,23.581363095238103
2014-11-04,24.166946107784447
2014-11-05,24.501437125748506
2014-11-06,25.547934911242603
2014-11-07,25.561452941176466
2014-11-08,26.70726900584795
2014-11-09,32.59196491228068
2014-11-10,31.829309941520467
2014-11-11,30.981766081871363
2014-11-12,28.968094117647066
2014-11-13,22.887426900584803
2014-11-14,22.372274853801173
2014-11-15,27.83945614035089
2014-11-16,27.760818713450288
2014-11-17,22.91392857142857
2014-11-18,18.741761904761905
2014-11-19,21.702964285714284
2014-11-20,21.10268452380953
2014-11-21,21.841413173652697
2014-11-22,23.373413173652697
2014-11-23,22.20413772455089
2014-11-24,20.890748502994
2014-11-25,17.919964285714293
2014-11-26,17.294147928994075
2014-11-27,20.995482142857128
2014-11-28,25.08268452380952
2014-11-29,27.9973373493976
2014-11-30,23.276759036144576
2014-12-01,15.653950310559
2014-12-02,18.286416149068323
2014-12-03,20.1706
2014-12-04,17.99627848101267
2014-12-05,17.720626582278477
2014-12-06,18.72081761006289
2014-12-07,16.90801886792453
2014-12-08,15.047182389937106
2014-12-09,14.012698113207545
2014-12-10,17.53785093167702
2014-12-11,32.510253086419745
2014-12-12,27.006720496894392
2014-12-13,21.81201898734177
2014-12-14,20.28918012422359
2014-12-15,23.99142944785276
2014-12-16,23.9357391304348
2014-12-17,24.033779874213828
2014-12-18,20.04603086419753
2014-12-19,19.516080745341608
2014-12-20,19.585881250000007
2014-12-21,18.77269811320755
2014-12-22,14.588364779874215
2014-12-23,14.920237804878035
2014-12-24,24.592810975609765
2014-12-25,28.48529268292684
2014-12-26,24.03427439024391
2014-12-27,20.090981595092032
2014-12-28,19.761331288343566
2014-12-29,20.197822085889566
2014-12-30,28.489325153374228
2014-12-31,26.61750000000001
2015-01-01,21.639496932515332
2015-01-02,19.619846625766886
2015-01-03,19.901265432098764
2015-01-04,20.164882716049377
2015-01-05,18.204748466257666
2015-01-06,17.06390683229814
2015-01-07,15.035362500000002
2015-01-08,14.538679012345685
2015-01-09,13.793312499999995
2015-01-10,16.67916666666667
2015-01-11,16.479487341772153
2015-01-12,17.52730434782609
2015-01-13,19.889100628930823
2015-01-14,17.446546583850925
2015-01-15,16.48834355828221
2015-01-16,15.488709876543211
2015-01-17,16.810512345679008
2015-01-18,15.921709876543211
2015-01-19,15.589660493827155
2015-01-20,15.119506172839506
2015-01-21,19.30484472049689
2015-01-22,16.10806790123457
2015-01-23,19.47547530864198
2015-01-24,22.784919753086424
2015-01-25,18.991475308641977
2015-01-26,16.604006097560973
2015-01-27,17.27465853658536
2015-01-28,17.863938271604926
2015-01-29,17.296726708074537
2015-01-30,18.70878881987578
2015-01-31,22.06660493827161
2015-02-01,21.637670807453414
2015-02-02,19.838791411042944
2015-02-03,19.661815950920253
2015-02-04,22.2797625
2015-02-05,23.798361963190175
2015-02-06,27.878713414634127
2015-02-07,19.651878787878786
2015-02-08,24.78167272727273
2015-02-09,25.477599999999995
2015-02-10,23.13835757575756
2015-02-11,24.734630303030304
2015-02-12,25.17380487804878
2015-02-13,26.19668902439025
2015-02-14,28.87029012345677
2015-02-15,30.422588957055225
2015-02-16,32.50298757763973
2015-02-17,29.860852760736194
2015-02-18,24.990537037037054
2015-02-19,27.84101851851852
2015-02-20,26.58751533742332
2015-02-21,32.245417177914106
2015-02-22,31.412276073619644
2015-02-23,27.73109202453988
2015-02-24,26.639785276073628
2015-02-25,27.378765432098785
2015-02-26,30.78055214723928
2015-02-27,34.71840372670807
2015-02-28,29.299641975308646
2015-03-01,28.330481481481506
2015-03-02,26.25733540372671
2015-03-03,27.033185185185193
2015-03-04,28.593759259259247
2015-03-05,31.092481249999985
2015-03-06,31.539981366459603
2015-03-07,33.33512422360249
2015-03-08,36.23387577639751
2015-03-09,32.75655000000002
2015-03-10,34.556893081761004
2015-03-11,29.62962111801241
2015-03-12,31.171294478527606
2015-03-13,32.909151515151486
2015-03-14,37.20651829268292
2015-03-15,38.446392638036826
2015-03-16,35.819889570552135
2015-03-17,38.15320121951217
2015-03-18,35.04163030303031
2015-03-19,34.23853658536585
2015-03-20,38.54709815950922
2015-03-21,40.501074074074076
2015-03-22,36.516322981366436
2015-03-23,36.96355625
2015-03-24,34.25288271604936
2015-03-25,29.3890125
2015-03-26,32.16123780487805
2015-03-27,36.61245454545453
2015-03-28,36.937146341463425
2015-03-29,37.56028834355829
2015-03-30,40.20192727272729
2015-03-31,41.313919540229904
2015-04-01,42.35380346820809
2015-04-02,39.88774566473987
2015-04-03,41.520231213872826
2015-04-04,47.123705202312145
2015-04-05,42.20363583815032
2015-04-06,42.212462427745685
2015-04-07,36.95729069767441
2015-04-08,35.37660465116278
2015-04-09,37.071849710982654
2015-04-10,43.22123255813953
2015-04-11,40.23969186046513
2015-04-12,40.11478488372096
2015-04-13,45.216485549132955
2015-04-14,44.07161849710985
2015-04-15,43.283267441860495
2015-04-16,44.00658479532167
2015-04-17,47.26204651162792
2015-04-18,47.605011764705885
2015-04-19,46.65610650887575
2015-04-20,44.14982080924853
2015-04-21,40.20968208092485
2015-04-22,39.14207647058825
2015-04-23,39.376872093023245
2015-04-24,39.59234302325578
2015-04-25,34.96469767441861
2015-04-26,38.05450588235292
2015-04-27,39.7945976331361
2015-04-28,39.77837869822485
2015-04-29,42.69900000000001
2015-04-30,44.89715340909088
2015-05-01,46.589281609195396
2015-05-02,47.216714285714254
2015-05-03,44.560017241379306
2015-05-04,43.346781609195396
2015-05-05,43.53968965517243
2015-05-06,43.83673295454544
2015-05-07,40.456655367231676
2015-05-08,38.52297752808988
2015-05-09,39.256893258426935
2015-05-10,42.42970786516854
2015-05-11,44.089259887005625
2015-05-12,45.06428651685393
2015-05-13,44.26033707865167
2015-05-14,39.14079213483145
2015-05-15,38.73193854748603
2015-05-16,39.97275000000001
2015-05-17,41.346366666666654
2015-05-18,39.94661111111109
2015-05-19,39.95936666666668
2015-05-20,40.39624719101123
2015-05-21,38.779438202247185
2015-05-22,35.76482584269662
2015-05-23,38.466587570621435
2015-05-24,38.94005617977529
2015-05-25,39.42871348314607
2015-05-26,39.785016759776546
2015-05-27,39.381089887640435
2015-05-28,41.49931073446327
2015-05-29,44.21789887640447
2015-05-30,47.23537640449439
2015-05-31,44.76766853932585
2015-06-01,36.79848044692738
2015-06-02,35.49154748603353
2015-06-03,37.92895530726258
2015-06-04,37.1543407821229
2015-06-05,40.89243016759778
2015-06-06,43.144312849162006
2015-06-07,45.464273743016726
2015-06-08,46.834600000000016
2015-06-09,34.668584269662915
2015-06-10,35.762576271186454
2015-06-11,42.35035393258427
2015-06-12,41.45423033707865
2015-06-13,41.930178770949716
2015-06-14,43.27077094972068
2015-06-15,43.99318888888888
2015-06-16,47.16420994475137
2015-06-17,49.93989444444443
2015-06-18,47.42614444444442
2015-06-19,45.423413407821215
2015-06-20,46.12686516853936
2015-06-21,43.051376404494384
2015-06-22,42.917751412429375
2015-06-23,43.286124999999984
2015-06-24,42.231882022471936
2015-06-25,45.03793854748605
2015-06-26,44.89624157303371
2015-06-27,34.017230337078644
2015-06-28,34.9072191011236
2015-06-29,38.714587570621475
2015-06-30,42.29673033707865
2015-07-01,39.8031011235955
2015-07-02,37.979541899441344
2015-07-03,39.58398314606743
2015-07-04,36.882983146067424
2015-07-05,34.28249438202245
2015-07-06,33.35836931818182
2015-07-07,32.9051306818182
2015-07-08,30.197517045454546
2015-07-09,28.369314606741558
2015-07-10,29.64865555555554
2015-07-11,31.836883333333372
2015-07-12,32.73260555555554
2015-07-13,33.63046111111113
2015-07-14,34.50031318681317
2015-07-15,39.02093956043953
2015-07-16,41.55880219780217
2015-07-17,41.05134065934068
2015-07-18,30.74764999999999
2015-07-19,29.171312849162003
2015-07-20,27.664813559322052
2015-07-21,28.7681270718232
2015-07-22,29.54445505617977
2015-07-23,30.2244
2015-07-24,33.736477777777765
2015-07-25,33.1810333333333
2015-07-26,33.00700558659218
2015-07-27,36.03418333333329
2015-07-28,38.6517611111111
2015-07-29,41.69036871508378
2015-07-30,39.194216666666655
2015-07-31,38.21135393258423
2015-08-01,37.58201675977653
2015-08-02,35.32220670391063
2015-08-03,34.39926256983241
2015-08-04,31.202178770949732
2015-08-05,33.71043575418995
2015-08-06,38.28091620111732
2015-08-07,36.74095
2015-08-08,36.42454444444445
2015-08-09,35.77519444444447
2015-08-10,32.20601666666666
2015-08-11,31.83240331491713
2015-08-12,32.01355801104973
2015-08-13,35.080581005586595
2015-08-14,35.365178770949726
2015-08-15,43.0042888888889
2015-08-16,45.57547222222225
2015-08-17,44.895408839778995
2015-08-18,46.66582222222221
2015-08-19,45.738296089385464
2015-08-20,44.785743016759774
2015-08-21,42.0821011235955
2015-08-22,41.8748820224719
2015-08-23,39.462858757062136
2015-08-24,39.182278409090905
2015-08-25,36.78365168539326
2015-08-26,38.276242937853105
2015-08-27,35.027333333333324
2015-08-28,33.353359550561784
2015-08-29,28.938213483146054
2015-08-30,30.24206741573037
2015-08-31,35.7423463687151
2015-09-01,38.7053463687151
2015-09-02,36.47166298342543
2015-09-03,35.582988888888885
2015-09-04,34.76364245810057
2015-09-05,35.07653631284918
2015-09-06,37.331620111731844
2015-09-07,39.18329608938548
2015-09-08,39.77679888268156
2015-09-09,37.969772222222225
2015-09-10,38.05561325966849
2015-09-11,36.23932044198893
2015-09-12,34.100508287292826
2015-09-13,35.99508379888267
2015-09-14,25.83813333333332
2015-09-15,26.616727777777786
2015-09-16,30.55759668508287
2015-09-17,33.42334806629834
2015-09-18,38.44543333333337
2015-09-19,44.45328333333337
2015-09-20,45.23975555555558
2015-09-21,38.49343646408837
2015-09-22,35.723609890109884
2015-09-23,36.94340109890111
2015-09-24,40.29969230769232
2015-09-25,38.68647222222221
2015-09-26,35.69714999999999
2015-09-27,34.18326553672318
2015-09-28,34.43368888888889
2015-09-29,33.492815642458126
2015-09-30,29.837199999999967
2015-10-01,27.25061797752809
2015-10-02,30.98672067039107
2015-10-03,40.77098324022347
2015-10-04,34.02943820224719
2015-10-05,34.36805027932962
2015-10-06,36.22068715083797
2015-10-07,36.990196629213465
2015-10-08,39.28952542372881
2015-10-09,37.38068749999999
2015-10-10,36.79353142857142
2015-10-11,35.69655681818183
2015-10-12,36.34073295454546
2015-10-13,33.41990909090909
2015-10-14,32.182745762711875
2015-10-15,29.884067796610182
2015-10-16,31.5569497206704
2015-10-17,31.888960674157282
2015-10-18,30.74110857142857
2015-10-19,28.76309604519771
2015-10-20,28.589793296089372
2015-10-21,28.756290502793302
2015-10-22,31.83768715083798
2015-10-23,30.72203867403316
2015-10-24,33.55655248618786
2015-10-25,30.27968333333332
2015-10-26,33.31334615384612
2015-10-27,29.496214285714284
2015-10-28,32.38631318681319
2015-10-29,31.774846153846173
2015-10-30,27.87965384615384
2015-10-31,30.32995604395604
2015-11-01,31.301764367816077
2015-11-02,29.87568604651165
2015-11-03,25.907441860465106
2015-11-04,25.34483529411764
2015-11-05,22.986241176470585
2015-11-06,25.222854651162802
2015-11-07,26.400115606936414
2015-11-08,31.134820809248534
2015-11-09,30.889393063583828
2015-11-10,25.690520231213874
2015-11-11,24.32215204678361
2015-11-12,23.57710344827587
2015-11-13,21.890156976744198
2015-11-14,27.772058139534888
2015-11-15,34.99334502923975
2015-11-16,28.427517647058817
2015-11-17,20.54646153846154
2015-11-18,19.67935882352941
2015-11-19,20.082988372093027
2015-11-20,22.455745664739887
2015-11-21,25.27879651162789
2015-11-22,24.354598837209306
2015-11-23,26.25972254335261
2015-11-24,29.64322093023256
2015-11-25,24.26786627906977
2015-11-26,25.825749999999992
2015-11-27,23.429416184971103
2015-11-28,23.698346820809245
2015-11-29,23.546877906976746
2015-11-30,20.672075581395347
2015-12-01,20.560886904761905
2015-12-02,19.910891566265065
2015-12-03,22.962018072289148
2015-12-04,19.295455089820347
2015-12-05,20.459077844311377
2015-12-06,21.31111377245509
2015-12-07,18.41020359281438
2015-12-08,15.940190476190471
2015-12-09,18.597216867469875
2015-12-10,26.76232335329341
2015-12-11,26.649411042944788
2015-12-12,23.711190184049077
2015-12-13,31.592730061349698
2015-12-14,26.072618181818164
2015-12-15,22.044202453987737
2015-12-16,16.749781818181823
2015-12-17,17.083933734939766
2015-12-18,20.543433734939764
2015-12-19,22.320993975903612
2015-12-20,22.46876363636364
2015-12-21,23.45290303030303
2015-12-22,25.0936204819277
2015-12-23,23.914156626506013
2015-12-24,26.235072289156623
2015-12-25,27.89840963855422
2015-12-26,23.75033333333333
2015-12-27,19.889218181818162
2015-12-28,21.8015868263473
2015-12-29,18.467674698795182
2015-12-30,19.268939759036147
2015-12-31,25.51201807228915
2016-01-01,23.700542168674694
2016-01-02,22.69986144578314
2016-01-03,23.954162650602413
2016-01-04,23.613357575757572
2016-01-05,26.866299401197608
2016-01-06,30.08251807228916
2016-01-07,24.07552760736196
2016-01-08,20.066736196319024
2016-01-09,24.028337423312895
2016-01-10,22.163457317073185
2016-01-11,19.128042424242427
2016-01-12,20.37663253012049
2016-01-13,21.614897590361448
2016-01-14,22.746550898203587
2016-01-15,21.985760479041918
2016-01-16,21.096284848484853
2016-01-17,23.24838787878788
2016-01-18,21.428327272727273
2016-01-19,20.194245508982032
2016-01-20,17.164399999999997
2016-01-21,19.654602409638557
2016-01-22,23.291293413173648
2016-01-23,26.86458083832336
2016-01-24,25.031425149700603
2016-01-25,22.884017964071866
2016-01-26,20.798934523809532
2016-01-27,17.017380952380954
2016-01-28,17.842614457831328
2016-01-29,22.66553571428573
2016-01-30,27.643083832335314
2016-01-31,34.20177844311377
2016-02-01,27.27735975609756
2016-02-02,22.487940119760474
2016-02-03,22.47622023809524
2016-02-04,23.554500000000008
2016-02-05,23.767297619047607
2016-02-06,26.08301190476191
2016-02-07,29.04058333333332
2016-02-08,25.96471515151515
2016-02-09,23.08938690476189
2016-02-10,22.458113772455093
2016-02-11,24.36867857142857
2016-02-12,26.339291666666657
2016-02-13,29.830485029940125
2016-02-14,29.02017964071857
2016-02-15,25.023696428571416
2016-02-16,27.342446428571435
2016-02-17,34.445767857142876
2016-02-18,28.29461904761905
2016-02-19,28.96770833333333
2016-02-20,26.51892857142857
2016-02-21,29.888766467065874
2016-02-22,30.302814371257448
2016-02-23,29.29140718562874
2016-02-24,30.176095808383234
2016-02-25,29.262060240963866
2016-02-26,32.821801204819266
2016-02-27,30.904421686746982
2016-02-28,30.760420731707306
2016-02-29,30.366859756097565
2016-03-01,32.25435975609756
2016-03-02,30.99174390243905
2016-03-03,26.675006097560967
2016-03-04,27.44229696969697
2016-03-05,28.369018181818177
2016-03-06,38.48290853658537
2016-03-07,31.69275151515151
2016-03-08,28.24252121212121
2016-03-09,25.80584848484849
2016-03-10,26.37944242424241
2016-03-11,33.762679012345714
2016-03-12,32.20301874999999
2016-03-13,34.68322360248445
2016-03-14,31.35946341463416
2016-03-15,31.650172839506197
2016-03-16,30.287214723926386
2016-03-17,36.55101851851854
2016-03-18,35.48290123456789
2016-03-19,35.06761349693253
2016-03-20,34.576658385093175
2016-03-21,34.03247239263802
2016-03-22,34.383085365853674
2016-03-23,29.05764596273292
2016-03-24,31.68709756097561
2016-03-25,37.41508484848485
2016-03-26,34.88901818181818
2016-03-27,39.36796987951807
2016-03-28,36.79373619631903
2016-03-29,32.209557575757586
2016-03-30,31.343048192771093
2016-03-31,33.115056497175125
2016-04-01,34.341502824858765
2016-04-02,37.70197159090908
2016-04-03,38.22503409090911
2016-04-04,37.15716477272729
2016-04-05,37.68002793296087
2016-04-06,38.45998882681566
2016-04-07,35.05024719101123
2016-04-08,30.865011111111112
2016-04-09,25.05663333333334
2016-04-10,27.961166666666664
2016-04-11,29.48479444444445
2016-04-12,33.191681564245805
2016-04-13,38.57586033519556
2016-04-14,41.4490611111111
2016-04-15,39.016073863636365
2016-04-16,37.41307303370788
2016-04-17,43.18422471910112
2016-04-18,46.37541011235956
2016-04-19,47.30012921348315
2016-04-20,44.33786666666668
2016-04-21,38.53219553072624
2016-04-22,39.06884916201117
2016-04-23,41.69353370786514
2016-04-24,44.755623595505625
2016-04-25,39.8306033519553
2016-04-26,40.13980337078651
2016-04-27,41.6731270718232
2016-04-28,36.51229281767957
2016-04-29,41.51209392265191
2016-04-30,36.17474725274726
2016-05-01,39.65704945054943
2016-05-02,39.258232044198905
2016-05-03,39.790099447513796
2016-05-04,41.06679558011052
2016-05-05,31.660173184357532
2016-05-06,29.30383240223464
2016-05-07,30.460548022598854
2016-05-08,32.94948587570622
2016-05-09,34.675861111111104
2016-05-10,38.60233333333333
2016-05-11,41.02068156424579
2016-05-12,43.77249444444441
2016-05-13,43.52316666666667
2016-05-14,35.994983146067405
2016-05-15,33.414196629213464
2016-05-16,34.211394444444466
2016-05-17,35.84556906077348
2016-05-18,40.40133149171269
2016-05-19,43.65018784530386
2016-05-20,36.204353932584254
2016-05-21,32.910156424581004
2016-05-22,32.804071823204424
2016-05-23,32.33854945054945
2016-05-24,27.689790055248604
2016-05-25,29.70434806629835
2016-05-26,35.56617679558009
2016-05-27,42.348911602209995
2016-05-28,45.12588950276242
2016-05-29,42.69613259668511
2016-05-30,42.44178888888886
2016-05-31,42.09843169398908
2016-06-01,43.16085164835168
2016-06-02,45.67089502762433
2016-06-03,47.58185082872928
2016-06-04,48.93881666666664
2016-06-05,43.87937016574586
2016-06-06,39.70932596685083
2016-06-07,37.997466666666654
2016-06-08,38.504546961325936
2016-06-09,38.069911602209935
2016-06-10,37.70986187845307
2016-06-11,36.10742541436465
2016-06-12,37.33244198895027
2016-06-13,38.37877900552488
2016-06-14,40.820966850828746
2016-06-15,34.965938888888864
2016-06-16,36.24981215469614
2016-06-17,35.83871666666669
2016-06-18,36.627288888888906
2016-06-19,41.550977777777774
2016-06-20,43.68763128491619
2016-06-21,40.8530497237569
2016-06-22,41.624794444444426
2016-06-23,40.49182320441989
2016-06-24,41.701276243093936
2016-06-25,43.022413407821226
2016-06-26,42.892145251396656
2016-06-27,40.60775690607736
2016-06-28,43.07685714285713
2016-06-29,43.10812765957449
2016-06-30,43.24794021739133
2016-07-01,42.69179569892474
2016-07-02,40.66011731843577
2016-07-03,39.76983240223464
2016-07-04,39.220601123595536
2016-07-05,39.7923463687151
2016-07-06,38.92982122905028
2016-07-07,36.442327683615815
2016-07-08,33.078536723163836
2016-07-09,30.777881355932216
2016-07-10,32.79754237288137
2016-07-11,36.93271508379889
2016-07-12,38.30873480662984
2016-07-13,41.95415300546447
2016-07-14,46.17615217391307
2016-07-15,46.61604347826089
2016-07-16,42.50856521739129
2016-07-17,37.47963586956522
2016-07-18,34.571994565217395
2016-07-19,37.65034782608696
2016-07-20,39.2957391304348
2016-07-21,39.1132162162162
2016-07-22,42.84943243243242
2016-07-23,42.2784648648649
2016-07-24,39.92485792349727
2016-07-25,41.571073298429326
2016-07-26,45.071478947368405
2016-07-27,45.07292146596855
2016-07-28,44.3033015873016
2016-07-29,42.99905291005289
2016-07-30,37.96487845303865
2016-07-31,35.31201104972375
2016-08-01,37.00610752688172
2016-08-02,38.19312169312172
2016-08-03,40.28377837837838
2016-08-04,39.68213684210527
2016-08-05,39.295839572192506
2016-08-06,41.598772486772496
2016-08-07,39.968592391304334
2016-08-08,40.40210270270272
2016-08-09,39.68678688524591
2016-08-10,41.56068983957217
2016-08-11,41.83145263157892
2016-08-12,42.93225789473684
2016-08-13,45.30852105263156
2016-08-14,42.013962365591404
2016-08-15,40.36728191489361
2016-08-16,42.92185106382978
2016-08-17,43.454876344086045
2016-08-18,44.068375661375676
2016-08-19,42.53403208556148
2016-08-20,43.085756613756615
2016-08-21,40.183760869565255
2016-08-22,36.270306451612896
2016-08-23,37.29107608695654
2016-08-24,40.16855080213902
2016-08-25,40.11123783783783
2016-08-26,38.86350273224043
2016-08-27,39.691232432432436
2016-08-28,42.583282608695676
2016-08-29,41.77319565217393
2016-08-30,39.41435754189942
2016-08-31,33.11214917127071
2016-09-01,32.5342857142857
2016-09-02,35.794087912087896
2016-09-03,34.742835164835164
2016-09-04,32.18652486187847
2016-09-05,34.929
2016-09-06,37.33099999999999
2016-09-07,42.39257608695653
2016-09-08,41.672950549450576
2016-09-09,40.96781081081078
2016-09-10,40.80514438502676
2016-09-11,34.78466111111113
2016-09-12,32.5580111111111
2016-09-13,29.78872625698321
2016-09-14,33.835397790055254
2016-09-15,38.159856353591145
2016-09-16,39.45186740331492
2016-09-17,40.058616666666666
2016-09-18,39.191441340782106
2016-09-19,38.60168648648647
2016-09-20,32.35612359550561
2016-09-21,33.20740449438201
2016-09-22,30.87413888888889
2016-09-23,31.17934444444445
2016-09-24,35.33970555555554
2016-09-25,41.05401657458561
2016-09-26,40.71074725274725
2016-09-27,39.86376470588235
2016-09-28,38.32869148936171
2016-09-29,37.11210055865922
2016-09-30,37.11056983240224
2016-10-01,35.103726256983244
2016-10-02,33.938129213483165
2016-10-03,30.384910614525147
2016-10-04,33.690820224719104
2016-10-05,34.09080110497238
2016-10-06,32.21097222222221
2016-10-07,33.80365555555553
2016-10-08,40.30093333333335
2016-10-09,41.71761666666665
2016-10-10,35.47910055865924
2016-10-11,32.76506666666665
2016-10-12,31.897077777777792
2016-10-13,31.505921787709518
2016-10-14,29.62610614525143
2016-10-15,27.42809497206704
2016-10-16,28.247661016949138
2016-10-17,28.15893258426966
2016-10-18,30.815711864406772
2016-10-19,29.727068181818186
2016-10-20,29.283977528089885
2016-10-21,30.33742937853108
2016-10-22,32.41558757062148
2016-10-23,32.88471186440678
2016-10-24,24.740017045454536
2016-10-25,21.297762711864408
2016-10-26,22.632714285714286
2016-10-27,19.17549431818181
2016-10-28,18.055363636363648
2016-10-29,21.229676136363626
2016-10-30,24.718617142857127
2016-10-31,27.48043930635839
2016-11-01,25.591247058823534
2016-11-02,24.476711764705893
2016-11-03,22.343317647058807
2016-11-04,24.519064705882354
2016-11-05,29.925804733727823
2016-11-06,24.620000000000008
2016-11-07,23.110812865497078
2016-11-08,23.63311111111112
2016-11-09,24.672941520467834
2016-11-10,24.478831395348845
2016-11-11,28.90108139534882
2016-11-12,26.78408720930232
2016-11-13,27.281005813953506
2016-11-14,25.544779069767426
2016-11-15,27.53701162790697
2016-11-16,28.896198830409336
2016-11-17,23.78774269005849
2016-11-18,27.29373684210525
2016-11-19,28.273864705882364
2016-11-20,26.479823529411767
2016-11-21,21.356649122807017
2016-11-22,19.98544444444445
2016-11-23,23.44049411764707
2016-11-24,22.878473372781052
2016-11-25,21.888284023668646
2016-11-26,31.664431952662703
2016-11-27,27.493233532934152
2016-11-28,25.293717647058834
2016-11-29,18.528152046783628
2016-11-30,17.940216374269
2016-12-01,22.63472727272727
2016-12-02,26.60481818181819
2016-12-03,21.981951515151515
2016-12-04,20.69385454545455
2016-12-05,18.523146341463423
2016-12-06,21.509607361963187
2016-12-07,21.184243902439025
2016-12-08,19.922337349397594
2016-12-09,17.054048192771088
2016-12-10,18.922879518072293
2016-12-11,17.423860606060604
2016-12-12,15.665373493975912
2016-12-13,15.149262195121953
2016-12-14,16.748176829268296
2016-12-15,20.558999999999987
2016-12-16,29.769745341614925
2016-12-17,21.756245398772997
2016-12-18,24.498239263803693
2016-12-19,21.915939024390255
2016-12-20,17.8279096385542
2016-12-21,17.647694610778448
2016-12-22,17.03975903614459
2016-12-23,28.484371257485037
2016-12-24,26.264067901234554
2016-12-25,22.780164634146328
2016-12-26,22.58414545454544
2016-12-27,17.69796341463414
2016-12-28,17.519592592592574
2016-12-29,16.662429447852766
2016-12-30,19.029920245398774
2016-12-31,26.089673469387762
2017-01-01,28.16109259259256
2017-01-02,26.09796913580245
2017-01-03,25.61194478527605
2017-01-04,22.56323030303028
2017-01-05,23.732733333333307
2017-01-06,23.063648484848464
2017-01-07,22.312621951219487
2017-01-08,25.139202453987693
2017-01-09,27.20625153374229
2017-01-10,31.90110559006208
2017-01-11,29.300656249999967
2017-01-12,23.90298765432096
2017-01-13,21.706574074074048
2017-01-14,20.716795031055874
2017-01-15,20.82338364779871
2017-01-16,19.548465408805
2017-01-17,17.277399999999982
2017-01-18,30.95184146341459
2017-01-19,32.85503658536583
2017-01-20,36.09506626506022
2017-01-21,33.836054216867424
2017-01-22,34.666865853658514
2017-01-23,29.65035975609755
2017-01-24,23.74123312883432
2017-01-25,21.59514634146339
2017-01-26,25.639579268292657
2017-01-27,25.911613496932496
2017-01-28,25.357098765432077
2017-01-29,25.469024999999966
2017-01-30,20.94258024691356
2017-01-31,21.474073619631874
2017-02-01,25.70729192546582
2017-02-02,26.74938036809813
2017-02-03,26.989895061728372
2017-02-04,27.33561728395059
2017-02-05,30.04981366459624
2017-02-06,28.43061963190181
2017-02-07,18.650283950617254
2017-02-08,12.581237804878034
2017-02-09,18.84498787878785
2017-02-10,25.566638554216837
2017-02-11,27.183138554216857
2017-02-12,25.05353614457828
2017-02-13,21.44281325301203
2017-02-14,22.638975757575732
2017-02-15,25.144024390243874
2017-02-16,30.35494545454545
2017-02-17,36.49301242236021
2017-02-18,35.53773291925463
2017-02-19,34.49219999999996
2017-02-20,32.796666666666624
2017-02-21,29.59340243902433
2017-02-22,34.391981481481444
2017-02-23,31.64889440993786
2017-02-24,30.10726993865028
2017-02-25,33.9264478527607
2017-02-26,36.599828220858825
2017-02-27,30.99298773006131
2017-02-28,30.564591463414594
2017-03-01,29.38146913580244
2017-03-02,29.42275776397512
2017-03-03,29.868993788819857
2017-03-04,39.29708749999997
2017-03-05,36.511449999999975
2017-03-06,30.74660869565212
2017-03-07,28.410018633540343
2017-03-08,27.025503067484628
2017-03-09,27.697707317073146
2017-03-10,27.40501219512191
2017-03-11,32.47292682926825
2017-03-12,32.24587421383645
2017-03-13,32.0575670731707
2017-03-14,36.26888484848481
2017-03-15,31.77916265060237
2017-03-16,27.305670731707306
2017-03-17,33.67796951219508
2017-03-18,33.827469512195094
2017-03-19,33.25310303030301
2017-03-20,29.95783030303028
2017-03-21,27.760599999999968
2017-03-22,35.240451219512174
2017-03-23,34.08348780487799
2017-03-24,35.351378048780454
2017-03-25,34.90476073619627
2017-03-26,36.86046625766868
2017-03-27,36.79787878787877
2017-03-28,36.48549696969694
2017-03-29,35.85093333333327
2017-03-30,42.16071951219505
2017-03-31,34.4473895348837
2017-04-01,34.7918047337278
2017-04-02,37.013946428571394
2017-04-03,36.94732544378693
2017-04-04,37.65140350877187
2017-04-05,44.978156976744174
2017-04-06,44.65602339181281
2017-04-07,40.95204733727808
2017-04-08,39.31581656804728
2017-04-09,39.24663313609466
2017-04-10,40.18412790697673
2017-04-11,41.59855747126433
2017-04-12,38.95096551724133
2017-04-13,39.176421965317886
2017-04-14,38.563601156069325
2017-04-15,39.350023121387245
2017-04-16,40.705057471264354
2017-04-17,29.632218390804557
2017-04-18,27.836479768786106
2017-04-19,38.622080459770096
2017-04-20,42.71398265895951
2017-04-21,40.15964367816088
2017-04-22,43.70958959537568
2017-04-23,42.382192982456075
2017-04-24,40.67780232558136
2017-04-25,40.79246242774562
2017-04-26,32.09744508670515
2017-04-27,43.11789017341036
2017-04-28,46.78704022988502
2017-04-29,42.052670520231146
2017-04-30,42.99289595375719
2017-05-01,41.44498255813948
2017-05-02,37.904194285714226
2017-05-03,39.3021420454545
2017-05-04,39.011079999999964
2017-05-05,38.09124571428568
2017-05-06,37.57508045977009
2017-05-07,33.51640804597699
2017-05-08,37.061212643678154
2017-05-09,41.7753988439306
2017-05-10,38.86949710982655
2017-05-11,38.74328735632179
2017-05-12,39.79988505747121
2017-05-13,40.45169540229881
2017-05-14,40.452120689655146
2017-05-15,38.234988439306335
2017-05-16,34.27505232558135
2017-05-17,32.779629411764674
2017-05-18,34.55454705882349
2017-05-19,41.338770588235256
2017-05-20,44.27827647058821
2017-05-21,44.47968235294117
2017-05-22,46.02651764705875
2017-05-23,47.095543859649105
2017-05-24,45.510461988304044
2017-05-25,39.205409356725134
2017-05-26,35.24574566473984
2017-05-27,38.13770930232555
2017-05-28,41.03995930232554
2017-05-29,41.2588947368421
2017-05-30,40.34787134502921
2017-05-31,34.14978735632181
2017-06-01,34.775063583815
2017-06-02,41.33632758620685
2017-06-03,45.511959770114935
2017-06-04,43.780511494252856
2017-06-05,42.5358771929824
2017-06-06,42.88266863905324
2017-06-07,41.08804142011828
2017-06-08,33.97049112426033
2017-06-09,31.223629411764666
2017-06-10,33.523399999999945
2017-06-11,31.05259523809522
2017-06-12,30.69036094674551
2017-06-13,36.08399408284022
2017-06-14,42.89306395348832
2017-06-15,37.99806358381501
2017-06-16,38.87849999999997
2017-06-17,39.35284971098263
2017-06-18,39.359298245614006
2017-06-19,40.69806976744182
2017-06-20,40.786810344827536
2017-06-21,40.34643604651159
2017-06-22,41.829232558139466
2017-06-23,43.16232369942193
2017-06-24,41.62134302325578
2017-06-25,39.39543023255809
2017-06-26,33.556517241379275
2017-06-27,35.493358381502865
2017-06-28,35.974017241379286
2017-06-29,40.270620689655146
2017-06-30,42.0008850574712
2017-07-01,43.08964739884388
2017-07-02,42.441768786127135
2017-07-03,45.8679476744186
2017-07-04,44.86364327485377
2017-07-05,41.08500584795317
2017-07-06,43.6663448275862
2017-07-07,43.96433333333329
2017-07-08,44.35979069767436
2017-07-09,40.10291860465113
2017-07-10,38.724563218390756
2017-07-11,36.685068181818146
2017-07-12,35.93500571428569
2017-07-13,37.668205714285676
2017-07-14,41.72366666666664
2017-07-15,42.20030285714285
2017-07-16,39.04567816091952
2017-07-17,38.989771428571366
2017-07-18,36.30224277456645
2017-07-19,37.8314137931034
2017-07-20,37.0392068965517
2017-07-21,38.105748571428535
2017-07-22,42.2436857142857
2017-07-23,42.36318285714281
2017-07-24,36.71559428571426
2017-07-25,37.102820809248534
2017-07-26,38.14263529411758
2017-07-27,38.32045930232557
2017-07-28,37.433867052023096
2017-07-29,38.320566473988436
2017-07-30,39.44680924855489
2017-07-31,41.35156395348832
2017-08-01,41.209977011494225
2017-08-02,42.86604597701145
2017-08-03,41.367960227272704
2017-08-04,38.586520231213825
2017-08-05,38.017450867051984
2017-08-06,37.27890697674414
2017-08-07,38.73485380116953
2017-08-08,39.01633918128649
2017-08-09,39.11208571428569
2017-08-10,40.33429714285708
2017-08-11,42.46256571428568
2017-08-12,42.11865317919071
2017-08-13,35.76694285714283
2017-08-14,30.841656976744147
2017-08-15,30.52773988439301
2017-08-16,35.461548571428544
2017-08-17,38.29831034482756
2017-08-18,40.252833333333285
2017-08-19,41.156410404624225
2017-08-20,38.77407514450862
2017-08-21,35.83921052631575
2017-08-22,39.925390804597676
2017-08-23,40.78902857142853
2017-08-24,36.35068786127166
2017-08-25,40.54465116279064
2017-08-26,44.271569767441854
2017-08-27,41.01176162790693
2017-08-28,43.69329651162786
2017-08-29,44.0886686046511
2017-08-30,41.39074269005844
2017-08-31,43.67818604651161
2017-09-01,49.76953179190746
2017-09-02,49.444658959537534
2017-09-03,41.31431976744181
2017-09-04,37.38407602339179
2017-09-05,35.8814186046511
2017-09-06,37.10710526315787
2017-09-07,34.888029069767406
2017-09-08,37.02306395348831
2017-09-09,38.521333333333295
2017-09-10,42.228947368421004
2017-09-11,39.28976608187133
2017-09-12,39.373637426900565
2017-09-13,34.64939534883716
2017-09-14,31.988403508771892
2017-09-15,33.08227325581393
2017-09-16,39.10302906976744
2017-09-17,38.954668604651104
2017-09-18,37.940610465116244
2017-09-19,34.73987283236991
2017-09-20,33.4764228571428
2017-09-21,29.510630681818128
2017-09-22,30.642742857142824
2017-09-23,31.661689655172378
2017-09-24,34.6525057471264
2017-09-25,34.889239999999965
2017-09-26,36.79373142857139
2017-09-27,38.91495999999994
2017-09-28,41.131908045977006
2017-09-29,40.1342758620689
2017-09-30,36.77764534883717
2017-10-01,38.117581395348786
2017-10-02,34.086186046511585
2017-10-03,32.492783625730965
2017-10-04,34.1076608187134
2017-10-05,37.48638150289011
2017-10-06,38.696473684210474
2017-10-07,41.810129411764656
2017-10-08,39.58991715976329
2017-10-09,33.55448255813951
2017-10-10,36.09274999999997
2017-10-11,36.73531428571425
2017-10-12,33.99531791907513
2017-10-13,36.72016959064325
2017-10-14,38.612105263157844
2017-10-15,38.53913953488371
2017-10-16,36.584959537572225
2017-10-17,38.535820809248534
2017-10-18,40.780734104046175
2017-10-19,35.69755232558135
2017-10-20,29.86146511627905
2017-10-21,28.948662790697647
2017-10-22,28.221529069767428
2017-10-23,29.972662790697647
2017-10-24,31.9802923976608
2017-10-25,32.58646783625727
2017-10-26,34.138086705202305
2017-10-27,34.09870114942524
2017-10-28,34.95118390804592
2017-10-29,37.0857183908046
2017-10-30,34.137287356321785
2017-10-31,28.14321264367811
2017-11-01,30.79915060240961
2017-11-02,28.273638554216838
2017-11-03,28.17450909090905
2017-11-04,28.687445121951185
2017-11-05,25.530463414634113
2017-11-06,23.67340119760476
2017-11-07,22.222185628742483
2017-11-08,21.99730722891563
2017-11-09,22.821253012048174
2017-11-10,23.667560240963816
2017-11-11,23.728024096385496
2017-11-12,23.472487951807192
2017-11-13,24.89241212121208
2017-11-14,23.19255151515151
2017-11-15,24.466286585365825
2017-11-16,23.11739024390243
2017-11-17,22.048103030303007
2017-11-18,21.97495757575756
2017-11-19,22.90118181818179
2017-11-20,20.803999999999984
2017-11-21,17.316950920245365
2017-11-22,16.28498787878785
2017-11-23,19.342801204819256
2017-11-24,20.947351515151496
2017-11-25,24.498763636363613
2017-11-26,28.462335365853612
2017-11-27,26.895551515151485
2017-11-28,20.495193939393914
2017-11-29,18.38731515151513
2017-11-30,16.63854545454543
2017-12-01,17.966787499999977
2017-12-02,22.62908176100628
2017-12-03,28.085905660377325
2017-12-04,28.772806451612873
2017-12-05,24.47277215189873
2017-12-06,24.589769230769228
2017-12-07,23.350324840764323
2017-12-08,20.410082802547745
2017-12-09,22.440248407643303
2017-12-10,21.32959615384613
2017-12-11,18.93468354430377
2017-12-12,19.10570512820512
2017-12-13,17.81618589743588
2017-12-14,23.307490445859862
2017-12-15,21.34749044585984
2017-12-16,29.380487341772103
2017-12-17,25.5096139240506
2017-12-18,19.882807692307672
2017-12-19,23.855301282051286
2017-12-20,26.978265822784767
2017-12-21,22.684139240506298
2017-12-22,19.527076433121
2017-12-23,18.329882352941148
2017-12-24,18.555723684210502
2017-12-25,20.423105263157872
2017-12-26,19.31780379746834
2017-12-27,18.33577564102563
2017-12-28,18.691698717948693
2017-12-29,18.919754838709665
2017-12-30,20.1831883116883
2017-12-31,24.954874172185413
2018-01-01,20.79023899371068
2018-01-02,16.618223602484452
2018-01-03,13.260527950310545
2018-01-04,16.667543209876527
2018-01-05,17.594141104294454
2018-01-06,16.53185276073618
2018-01-07,15.14788607594935
2018-01-08,16.5801304347826
2018-01-09,26.712088050314442
2018-01-10,18.274697530864174
2018-01-11,15.614030864197511
2018-01-12,18.39587730061348
2018-01-13,20.73346012269936
2018-01-14,17.72206748466257
2018-01-15,15.897349693251515
2018-01-16,14.268224999999974
2018-01-17,15.516260869565206
2018-01-18,22.46458641975305
2018-01-19,27.309528301886754
2018-01-20,24.838044025157213
2018-01-21,24.11853459119493
2018-01-22,22.457438271604925
2018-01-23,19.007993788819853
2018-01-24,25.048802469135776
2018-01-25,26.737228395061717
2018-01-26,22.627030864197497
2018-01-27,25.901999999999962
2018-01-28,23.97098765432096
2018-01-29,18.16547530864196
2018-01-30,16.418366459627308
2018-01-31,20.250360248447183
2018-02-01,22.240944444444434
2018-02-02,23.876123456790108
2018-02-03,28.77580981595089
2018-02-04,28.087208588957022
2018-02-05,27.02386503067482
2018-02-06,27.97777777777775
2018-02-07,27.44090853658535
2018-02-08,25.17644242424241
2018-02-09,27.50536969696968
2018-02-10,32.8893757575757
2018-02-11,32.60916969696966
2018-02-12,30.39317575757573
2018-02-13,25.889304878048762
2018-02-14,29.464575757575716
2018-02-15,29.715707317073132
2018-02-16,27.52214545454543
2018-02-17,32.28154545454541
2018-02-18,38.63784242424238
2018-02-19,33.03369696969694
2018-02-20,28.64334545454544
2018-02-21,30.83677300613492
2018-02-22,34.45150306748463
2018-02-23,31.48491411042944
2018-02-24,32.95866463414631
2018-02-25,33.997067073170705
2018-02-26,35.66325454545449
2018-02-27,28.115162650602368
2018-02-28,31.959987951807193
2018-03-01,34.026134969325106
2018-03-02,32.02290853658533
2018-03-03,33.59156097560971
2018-03-04,31.407640243902392
2018-03-05,30.84171341463412
2018-03-06,29.186590361445745
2018-03-07,29.56744785276072
2018-03-08,29.59263414634141
2018-03-09,28.230524096385498
2018-03-10,21.205951807228896
2018-03-11,24.736102409638534
2018-03-12,27.299727272727235
2018-03-13,29.06651515151513
2018-03-14,34.62608484848483
2018-03-15,35.13493902439021
2018-03-16,33.2402699386503
2018-03-17,31.730208588957034
2018-03-18,29.07413580246909
2018-03-19,30.634176829268256
2018-03-20,31.798260606060552
2018-03-21,24.74278787878787
2018-03-22,31.786848484848466
2018-03-23,35.163636363636314
2018-03-24,38.65595121951213
2018-03-25,37.622445121951145
2018-03-26,35.11014814814813
2018-03-27,32.30157575757573
2018-03-28,32.22077575757573
2018-03-29,33.86344242424239
2018-03-30,37.474387878787816
2018-03-31,38.26865116279068
2018-04-01,38.98257317073169
2018-04-02,35.91439024390237
2018-04-03,37.34068902439022
2018-04-04,41.4604242424242
2018-04-05,36.914278787878736
2018-04-06,27.168198795180693
2018-04-07,31.05204848484845
2018-04-08,34.62884242424239
2018-04-09,34.06742682926826
2018-04-10,39.518442424242394
2018-04-11,43.500478527607356
2018-04-12,42.685624242424225
2018-04-13,35.646727272727226
2018-04-14,42.326902439024344
2018-04-15,43.727587878787844
2018-04-16,37.905734939759
2018-04-17,35.12279041916166
2018-04-18,39.74081325301202
2018-04-19,35.40084939759035
2018-04-20,35.48492814371252
2018-04-21,38.497095808383186
2018-04-22,40.774568862275416
2018-04-23,41.6512831325301
2018-04-24,42.86403636363629
2018-04-25,44.86940853658533
2018-04-26,43.985569696969655
2018-04-27,40.96516167664663
2018-04-28,43.54415568862272
2018-04-29,39.51811377245506
2018-04-30,39.079399999999936
2018-05-01,37.94185889570547
2018-05-02,34.948993788819855
2018-05-03,35.81512121212117
2018-05-04,39.91387878787873
2018-05-05,43.195503030302994
2018-05-06,40.2911515151515
2018-05-07,40.86558536585361
2018-05-08,40.92603636363632
2018-05-09,40.09487804878051
2018-05-10,41.59230303030299
2018-05-11,40.73053333333332
2018-05-12,39.437163636363614
2018-05-13,37.725690909090865
2018-05-14,37.529945454545405
2018-05-15,37.6714879518072
2018-05-16,35.35559638554214
2018-05-17,36.307126506024055
2018-05-18,35.69270481927705
2018-05-19,39.408484848484775
2018-05-20,38.11055757575753
2018-05-21,35.211636363636345
2018-05-22,36.29687272727267
2018-05-23,37.697463855421645
2018-05-24,37.32880722891561
2018-05-25,31.01685542168672
2018-05-26,30.806921686746968
2018-05-27,34.73846385542163
2018-05-28,38.21953012048189
2018-05-29,41.353397590361396
2018-05-30,38.466618181818156
2018-05-31,35.48485454545449
2018-06-01,38.61400606060607
2018-06-02,44.0623818181818
2018-06-03,43.93463190184045
2018-06-04,42.19395757575753
2018-06-05,41.70329696969692
2018-06-06,39.566012345678956
2018-06-07,42.37546296296297
2018-06-08,43.26182822085885
2018-06-09,38.793304878048744
2018-06-10,37.892121951219494
2018-06-11,37.81562195121944
2018-06-12,41.19007317073168
2018-06-13,40.592798780487755
2018-06-14,39.006650306748426
2018-06-15,37.29126829268288
2018-06-16,36.43542944785273
2018-06-17,34.172376543209836
2018-06-18,38.8200731707317
2018-06-19,40.56472121212121
2018-06-20,42.38957668711653
2018-06-21,43.4119325153374
2018-06-22,45.618560240963824
2018-06-23,43.39220606060603
2018-06-24,41.383845679012296
2018-06-25,40.45142592592594
2018-06-26,44.711490909090855
2018-06-27,43.20035757575752
2018-06-28,39.786206060606006
2018-06-29,38.90037951807224
2018-06-30,43.9799757575757
2018-07-01,41.21047619047615
2018-07-02,40.71587804878044
2018-07-03,40.19695121951215
2018-07-04,37.29319512195118
2018-07-05,40.89087804878047
2018-07-06,39.51374358974357
2018-07-07,39.96062499999998
2018-07-08,43.61869999999996
2018-07-09,43.149390243902424
2018-07-10,38.13868292682922
2018-07-11,38.03460975609751
2018-07-12,36.18487499999997
2018-07-13,36.25753658536584
2018-07-14,36.5812682926829
2018-07-15,36.742073170731686
2018-07-16,39.922463414634116
2018-07-17,40.7331707317073
2018-07-18,41.10970731707313
2018-07-19,42.52221951219507
2018-07-20,39.13275609756094
2018-07-21,30.84680487804873
2018-07-22,34.91178048780487
2018-07-23,39.37882926829265
2018-07-24,41.602574999999966
2018-07-25,41.28797499999995
2018-07-26,43.3162195121951
2018-07-27,41.754699999999964
2018-07-28,43.574999999999974
2018-07-29,41.601399999999984
2018-07-30,40.938449999999946
2018-07-31,46.29878048780486
2018-08-01,47.405323529411724
2018-08-02,45.55782352941174
2018-08-03,45.606205882352896
2018-08-04,44.24821874999995
2018-08-05,41.37796969696967
2018-08-06,45.334727272727264
2018-08-07,48.88453124999998
2018-08-08,51.61693939393938
2018-08-09,51.34993939393937
2018-08-10,47.36406060606058
2018-08-11,38.05242424242422
2018-08-12,37.09799999999998
2018-08-13,39.87284848484846
2018-08-14,41.708363636363615
2018-08-15,42.23982352941171
2018-08-16,44.28891176470585
2018-08-17,43.71927272727268
2018-08-18,45.09336363636359
2018-08-19,45.07534374999999
2018-08-20,45.77297058823528
2018-08-21,43.872029411764686
2018-08-22,45.84079411764703
2018-08-23,47.34438235294114
2018-08-24,51.05085294117647
2018-08-25,48.93158823529407
2018-08-26,46.666441176470535
2018-08-27,40.37632352941174
2018-08-28,33.77597058823527
2018-08-29,37.89102941176468
2018-08-30,40.382558823529365
2018-08-31,43.08299999999999
2018-09-01,31.882333333333296
2018-09-02,35.89806666666661
2018-09-03,36.470533333333286
2018-09-04,36.294133333333285
2018-09-05,34.96859999999997
2018-09-06,31.768599999999985
2018-09-07,32.43913333333329
2018-09-08,32.615599999999965
2018-09-09,33.72166666666663
2018-09-10,34.368599999999994
2018-09-11,37.113733333333286
2018-09-12,33.876666666666644
2018-09-13,32.25564285714284
2018-09-14,29.71366666666664
2018-09-15,28.80793333333332
2018-09-16,29.556933333333305
2018-09-17,32.658666666666626
2018-09-18,32.34519999999997
2018-09-19,34.59664285714283
2018-09-20,39.022933333333285
2018-09-21,38.96466666666666
2018-09-22,35.074533333333285
2018-09-23,32.23539999999997
2018-09-24,31.372599999999967
2018-09-25,31.44319999999999
2018-09-26,32.958733333333306
2018-09-27,37.35686666666663
2018-09-28,40.90166666666665
2018-09-29,29.011733333333307
2018-09-30,33.47906666666664
2018-10-01,35.529
2018-10-02,31.353
2018-10-03,11.647
2018-10-04,25.765
2018-10-05,24.471
2018-10-06,29.765
2018-10-07,27.294
2018-10-08,28.765
2018-10-09,33.471000000000004
2018-10-10,32.235
2018-10-11,28.529
2018-10-12,32.353
2018-10-13,32.118
2018-10-14,34.529
2018-10-15,26.2349999999999
2018-10-16,32.471
2018-10-17,35.647
2018-10-18,38.9409999999999
2018-10-19,40.2939999999999
2018-10-20,44.8239999999999
2018-10-21,44.0
2018-10-22,40.706
2018-10-23,30.352999999999906
2018-10-24,32.118
2018-10-25,31.881999999999998
2018-10-26,35.82400000000001
2018-10-27,45.353
2018-10-28,22.765
2018-10-29,29.1759999999999
2018-10-30,24.059
2018-10-31,29.167
